use kuso_shop;
INSERT INTO Customer (CustomerID, FirstName, LastName, Email, Phone) VALUES (1, 'Yumi', 'Kobayashi', 'yumi.kobayashi1@example.com', '080-1128-4701');
INSERT INTO Password (CustomerID, PasswordHash) VALUES (1, '$2b$12$cwwYW7qsFbrGrKgwlPiY9udqLjNppNsta953TkhQEu.gkGrFKPEBG');
INSERT INTO Customer (CustomerID, FirstName, LastName, Email, Phone) VALUES (2, 'Taro', 'Watanabe', 'taro.watanabe2@example.com', '080-3925-2676');
INSERT INTO Password (CustomerID, PasswordHash) VALUES (2, '$2b$12$JsObTGDesoPc141NnLqVRe86z8ekwYHb9PeRPrqn8SQz8KmqKlFsK');
INSERT INTO Customer (CustomerID, FirstName, LastName, Email, Phone) VALUES (3, 'Miki', 'Suzuki', 'miki.suzuki3@example.com', '080-7107-4986');
INSERT INTO Password (CustomerID, PasswordHash) VALUES (3, '$2b$12$qEgQZwwSTRIAqum5NVdNgeE8TTtzGzFOvasftt.D0ddaBAoKtJ6eO');
INSERT INTO Customer (CustomerID, FirstName, LastName, Email, Phone) VALUES (4, 'Hanako', 'Tanaka', 'hanako.tanaka4@example.com', '080-7403-3652');
INSERT INTO Password (CustomerID, PasswordHash) VALUES (4, '$2b$12$rBhcH355AiWxl8PcqJpiG.qxkdNww5Jvzjs.XHJo4fVzdane37fEe');
INSERT INTO Customer (CustomerID, FirstName, LastName, Email, Phone) VALUES (5, 'Miki', 'Nakamura', 'miki.nakamura5@example.com', '080-7883-5307');
INSERT INTO Password (CustomerID, PasswordHash) VALUES (5, '$2b$12$NTZn1PAIARmAiXFa3lPAxOyhvE5khajcZyNIFfcmsxRnk9UZHdHrq');
INSERT INTO Customer (CustomerID, FirstName, LastName, Email, Phone) VALUES (6, 'Yumi', 'Nakamura', 'yumi.nakamura6@example.com', '080-7406-7038');
INSERT INTO Password (CustomerID, PasswordHash) VALUES (6, '$2b$12$CTq0sYk70OS5rvDx6f8uTeDL6naO7XyMbWMGXxVddAi3lG5dbU7qu');
INSERT INTO Customer (CustomerID, FirstName, LastName, Email, Phone) VALUES (7, 'Yumi', 'Nakamura', 'yumi.nakamura7@example.com', '080-3063-7668');
INSERT INTO Password (CustomerID, PasswordHash) VALUES (7, '$2b$12$QyFeNxJ6AkY6/smpIpBzHeSKfwtWnla80oYCGgDxjgdsm9JSJ..Ue');
INSERT INTO Customer (CustomerID, FirstName, LastName, Email, Phone) VALUES (8, 'Taro', 'Kato', 'taro.kato8@example.com', '080-9998-1133');
INSERT INTO Password (CustomerID, PasswordHash) VALUES (8, '$2b$12$lJhxcagGan3qqaOodEGLluXFLdCD8D9jnWY5U8f/7FhEUzeikTDxq');
INSERT INTO Customer (CustomerID, FirstName, LastName, Email, Phone) VALUES (9, 'Taro', 'Ito', 'taro.ito9@example.com', '080-1022-3130');
INSERT INTO Password (CustomerID, PasswordHash) VALUES (9, '$2b$12$lRliQkPE5.owITOXZi9phOGOIk3X2..DT35KV7nNT7nR3HyRx0amW');
INSERT INTO Customer (CustomerID, FirstName, LastName, Email, Phone) VALUES (10, 'Saki', 'Yamamoto', 'saki.yamamoto10@example.com', '080-1132-4453');
INSERT INTO Password (CustomerID, PasswordHash) VALUES (10, '$2b$12$JcTzvtLwzdJ0L33qRAp6WORsb9y9fjHfaxyPhxejpRMtnNS7lu6p6');
INSERT INTO Customer (CustomerID, FirstName, LastName, Email, Phone) VALUES (11, 'Yoko', 'Yamamoto', 'yoko.yamamoto11@example.com', '080-2448-7118');
INSERT INTO Password (CustomerID, PasswordHash) VALUES (11, '$2b$12$II/mqJ2a/DdUVK9BUGIHieO9yHqFrCl6V7gUHMLOq6V7kp8pvKjje');
INSERT INTO Customer (CustomerID, FirstName, LastName, Email, Phone) VALUES (12, 'Yoko', 'Kobayashi', 'yoko.kobayashi12@example.com', '080-1250-7723');
INSERT INTO Password (CustomerID, PasswordHash) VALUES (12, '$2b$12$uEAm62nKTNjzHJ1aUKVj2eJo5fcEHEYMPKpZCXVVDuTDqtkZW9NQu');
INSERT INTO Customer (CustomerID, FirstName, LastName, Email, Phone) VALUES (13, 'Saburo', 'Tanaka', 'saburo.tanaka13@example.com', '080-4654-7300');
INSERT INTO Password (CustomerID, PasswordHash) VALUES (13, '$2b$12$TqgJ6HXqrT72vF/TJuZv6.oDq34aWtOWPad4JohBwS.tRQKVd.2da');
INSERT INTO Customer (CustomerID, FirstName, LastName, Email, Phone) VALUES (14, 'Goro', 'Sato', 'goro.sato14@example.com', '080-2085-4959');
INSERT INTO Password (CustomerID, PasswordHash) VALUES (14, '$2b$12$5QDgFqg9LCDCCRIYtPy1yeKieAEubSf1oSpjbPyBsQMP2A6FCrCdu');
INSERT INTO Customer (CustomerID, FirstName, LastName, Email, Phone) VALUES (15, 'Yoko', 'Sato', 'yoko.sato15@example.com', '080-1812-6458');
INSERT INTO Password (CustomerID, PasswordHash) VALUES (15, '$2b$12$gxtqfo0Vo7jfSxrJ4FdwvOeaPy7aVkErAlQE28ifIJqb9thvFPxoS');
INSERT INTO Customer (CustomerID, FirstName, LastName, Email, Phone) VALUES (16, 'Taro', 'Sato', 'taro.sato16@example.com', '080-5592-1156');
INSERT INTO Password (CustomerID, PasswordHash) VALUES (16, '$2b$12$CiAPOLlFbnzSq21QAVBYveJLxpuv.A/kxKe27IzaiEDOrHKsESXXC');
INSERT INTO Customer (CustomerID, FirstName, LastName, Email, Phone) VALUES (17, 'Yumi', 'Watanabe', 'yumi.watanabe17@example.com', '080-1672-2542');
INSERT INTO Password (CustomerID, PasswordHash) VALUES (17, '$2b$12$2KTY7FC.dGqxin90IIih.eYDt2jLGrrHF./LhfHPCQ44qxyTm8JBu');
INSERT INTO Customer (CustomerID, FirstName, LastName, Email, Phone) VALUES (18, 'Saburo', 'Ito', 'saburo.ito18@example.com', '080-3227-8158');
INSERT INTO Password (CustomerID, PasswordHash) VALUES (18, '$2b$12$kytZ5aG7FbH/gbTOjQwSduI103IdOGFiPVBD.4t5RNfRyeR2Q9ueu');
INSERT INTO Customer (CustomerID, FirstName, LastName, Email, Phone) VALUES (19, 'Miki', 'Watanabe', 'miki.watanabe19@example.com', '080-8485-7195');
INSERT INTO Password (CustomerID, PasswordHash) VALUES (19, '$2b$12$y8R/y05WD.HKknWXmn7YPedZ2b0sGiVVho3lyT2vUXDGj7v40hUkO');
INSERT INTO Customer (CustomerID, FirstName, LastName, Email, Phone) VALUES (20, 'Miki', 'Kato', 'miki.kato20@example.com', '080-6129-7106');
INSERT INTO Password (CustomerID, PasswordHash) VALUES (20, '$2b$12$BSDjbYJZZGoTfcogKE/ibeAQR7mk794wsxJU0jvbgIQDlKpwALQyy');
INSERT INTO Product (ProductID, ProductName, Price, Description) VALUES (1, 'T-Shirt', 2024, 'Comfortable and stylish T-Shirt.');
INSERT INTO Product (ProductID, ProductName, Price, Description) VALUES (2, 'Hoodie', 6385, 'Warm and cozy hoodie.');
INSERT INTO Product (ProductID, ProductName, Price, Description) VALUES (3, 'Sweater', 1781, 'Soft and comfortable sweater.');
INSERT INTO Product (ProductID, ProductName, Price, Description) VALUES (4, 'Jacket', 405, 'Stylish and practical jacket.');
INSERT INTO Product (ProductID, ProductName, Price, Description) VALUES (5, 'Pants', 370, 'Comfortable and versatile pants.');
INSERT INTO Product (ProductID, ProductName, Price, Description) VALUES (6, 'Shorts', 7761, 'Cool and comfortable shorts.');
INSERT INTO Product (ProductID, ProductName, Price, Description) VALUES (7, 'Skirt', 821, 'Stylish and feminine skirt.');
INSERT INTO Product (ProductID, ProductName, Price, Description) VALUES (8, 'Dress', 3850, 'Elegant and beautiful dress.');
INSERT INTO Product (ProductID, ProductName, Price, Description) VALUES (9, 'Hat', 1417, 'Stylish and practical hat.');
INSERT INTO Product (ProductID, ProductName, Price, Description) VALUES (10, 'Scarf', 1439, 'Warm and cozy scarf.');
INSERT INTO Cart(CustomerID,ProductID, Count) VALUES ( 1, 1, 53599);
INSERT INTO Cart(CustomerID,ProductID, Count) VALUES ( 1, 2, 44073);
INSERT INTO Cart(CustomerID,ProductID, Count) VALUES ( 1, 3, 94678);
INSERT INTO Cart(CustomerID,ProductID, Count) VALUES ( 1, 4, 94549);
INSERT INTO Cart(CustomerID,ProductID, Count) VALUES ( 1, 5, 35883);
INSERT INTO Cart(CustomerID,ProductID, Count) VALUES ( 1, 6, 30810);
INSERT INTO Cart(CustomerID,ProductID, Count) VALUES ( 1, 7, 3350);
INSERT INTO Cart(CustomerID,ProductID, Count) VALUES ( 2, 1, 16569);
INSERT INTO Cart(CustomerID,ProductID, Count) VALUES ( 2, 2, 16241);
INSERT INTO Cart(CustomerID,ProductID, Count) VALUES ( 2, 3, 4596);
INSERT INTO Cart(CustomerID,ProductID, Count) VALUES ( 3, 1, 2685);
INSERT INTO Cart(CustomerID,ProductID, Count) VALUES ( 3, 2, 68602);
INSERT INTO Cart(CustomerID,ProductID, Count) VALUES ( 3, 3, 93905);
INSERT INTO Cart(CustomerID,ProductID, Count) VALUES ( 3, 4, 8869);
INSERT INTO Cart(CustomerID,ProductID, Count) VALUES ( 3, 5, 21871);
INSERT INTO Cart(CustomerID,ProductID, Count) VALUES ( 3, 6, 43113);
INSERT INTO Cart(CustomerID,ProductID, Count) VALUES ( 3, 7, 72938);
INSERT INTO Cart(CustomerID,ProductID, Count) VALUES ( 3, 8, 7382);
INSERT INTO Cart(CustomerID,ProductID, Count) VALUES ( 3, 9, 43006);
INSERT INTO Cart(CustomerID,ProductID, Count) VALUES ( 4, 1, 27205);
INSERT INTO Cart(CustomerID,ProductID, Count) VALUES ( 4, 2, 51596);
INSERT INTO Cart(CustomerID,ProductID, Count) VALUES ( 4, 3, 19976);
INSERT INTO Cart(CustomerID,ProductID, Count) VALUES ( 4, 4, 64039);
INSERT INTO Cart(CustomerID,ProductID, Count) VALUES ( 4, 5, 39729);
INSERT INTO Cart(CustomerID,ProductID, Count) VALUES ( 4, 6, 44623);
INSERT INTO Cart(CustomerID,ProductID, Count) VALUES ( 4, 7, 28636);
INSERT INTO Cart(CustomerID,ProductID, Count) VALUES ( 4, 8, 81365);
INSERT INTO Cart(CustomerID,ProductID, Count) VALUES ( 5, 1, 66244);
INSERT INTO Cart(CustomerID,ProductID, Count) VALUES ( 5, 2, 70409);
INSERT INTO Cart(CustomerID,ProductID, Count) VALUES ( 5, 3, 25198);
INSERT INTO Cart(CustomerID,ProductID, Count) VALUES ( 7, 1, 89240);
INSERT INTO Cart(CustomerID,ProductID, Count) VALUES ( 7, 2, 22545);
INSERT INTO Cart(CustomerID,ProductID, Count) VALUES ( 7, 3, 12564);
INSERT INTO Cart(CustomerID,ProductID, Count) VALUES ( 7, 4, 48888);
INSERT INTO Cart(CustomerID,ProductID, Count) VALUES ( 7, 5, 53038);
INSERT INTO Cart(CustomerID,ProductID, Count) VALUES ( 7, 6, 27644);
INSERT INTO Cart(CustomerID,ProductID, Count) VALUES ( 7, 7, 89427);
INSERT INTO Cart(CustomerID,ProductID, Count) VALUES ( 7, 8, 31715);
INSERT INTO Cart(CustomerID,ProductID, Count) VALUES ( 7, 9, 21925);
INSERT INTO Cart(CustomerID,ProductID, Count) VALUES ( 8, 1, 71790);
INSERT INTO Cart(CustomerID,ProductID, Count) VALUES ( 8, 2, 14039);
INSERT INTO Cart(CustomerID,ProductID, Count) VALUES ( 8, 3, 63581);
INSERT INTO Cart(CustomerID,ProductID, Count) VALUES ( 9, 1, 79814);
INSERT INTO Cart(CustomerID,ProductID, Count) VALUES ( 9, 2, 19586);
INSERT INTO Cart(CustomerID,ProductID, Count) VALUES ( 9, 3, 82042);
INSERT INTO Cart(CustomerID,ProductID, Count) VALUES ( 9, 4, 75913);
INSERT INTO Cart(CustomerID,ProductID, Count) VALUES ( 9, 5, 82477);
INSERT INTO Cart(CustomerID,ProductID, Count) VALUES ( 10, 1, 44814);
INSERT INTO Cart(CustomerID,ProductID, Count) VALUES ( 10, 2, 84037);
INSERT INTO Cart(CustomerID,ProductID, Count) VALUES ( 12, 1, 86569);
INSERT INTO Cart(CustomerID,ProductID, Count) VALUES ( 12, 2, 53174);
INSERT INTO Cart(CustomerID,ProductID, Count) VALUES ( 12, 3, 3515);
INSERT INTO Cart(CustomerID,ProductID, Count) VALUES ( 12, 4, 19057);
INSERT INTO Cart(CustomerID,ProductID, Count) VALUES ( 12, 5, 56901);
INSERT INTO Cart(CustomerID,ProductID, Count) VALUES ( 13, 1, 62150);
INSERT INTO Cart(CustomerID,ProductID, Count) VALUES ( 13, 2, 97169);
INSERT INTO Cart(CustomerID,ProductID, Count) VALUES ( 14, 1, 80849);
INSERT INTO Cart(CustomerID,ProductID, Count) VALUES ( 15, 1, 70997);
INSERT INTO Cart(CustomerID,ProductID, Count) VALUES ( 15, 2, 8121);
INSERT INTO Cart(CustomerID,ProductID, Count) VALUES ( 15, 3, 60988);
INSERT INTO Cart(CustomerID,ProductID, Count) VALUES ( 15, 4, 96446);
INSERT INTO Cart(CustomerID,ProductID, Count) VALUES ( 15, 5, 34980);
INSERT INTO Cart(CustomerID,ProductID, Count) VALUES ( 15, 6, 20960);
INSERT INTO Cart(CustomerID,ProductID, Count) VALUES ( 15, 7, 7263);
INSERT INTO Cart(CustomerID,ProductID, Count) VALUES ( 15, 8, 9857);
INSERT INTO Cart(CustomerID,ProductID, Count) VALUES ( 15, 9, 74647);
INSERT INTO Cart(CustomerID,ProductID, Count) VALUES ( 16, 1, 8710);
INSERT INTO Cart(CustomerID,ProductID, Count) VALUES ( 16, 2, 82237);
INSERT INTO Cart(CustomerID,ProductID, Count) VALUES ( 16, 3, 59109);
INSERT INTO Cart(CustomerID,ProductID, Count) VALUES ( 16, 4, 2302);
INSERT INTO Cart(CustomerID,ProductID, Count) VALUES ( 16, 5, 62886);
INSERT INTO Cart(CustomerID,ProductID, Count) VALUES ( 16, 6, 31129);
INSERT INTO Cart(CustomerID,ProductID, Count) VALUES ( 16, 7, 1183);
INSERT INTO Cart(CustomerID,ProductID, Count) VALUES ( 16, 8, 52083);
INSERT INTO Cart(CustomerID,ProductID, Count) VALUES ( 17, 1, 60689);
INSERT INTO Cart(CustomerID,ProductID, Count) VALUES ( 18, 1, 13140);
INSERT INTO Cart(CustomerID,ProductID, Count) VALUES ( 18, 2, 62910);
INSERT INTO Cart(CustomerID,ProductID, Count) VALUES ( 18, 3, 3984);
INSERT INTO Cart(CustomerID,ProductID, Count) VALUES ( 18, 4, 63076);
INSERT INTO Cart(CustomerID,ProductID, Count) VALUES ( 18, 5, 50148);
INSERT INTO Cart(CustomerID,ProductID, Count) VALUES ( 18, 6, 64170);
INSERT INTO Cart(CustomerID,ProductID, Count) VALUES ( 20, 1, 63188);
INSERT INTO Cart(CustomerID,ProductID, Count) VALUES ( 20, 2, 54308);
INSERT INTO Cart(CustomerID,ProductID, Count) VALUES ( 20, 3, 85502);
INSERT INTO Cart(CustomerID,ProductID, Count) VALUES ( 20, 4, 72586);
INSERT INTO Cart(CustomerID,ProductID, Count) VALUES ( 20, 5, 66631);
INSERT INTO ProductOrder(OrderID, CustomerID, OrderDate, TotalAmount) VALUES (1, 1, '2023-05-07', 6882);
INSERT INTO ProductOrder(OrderID, CustomerID, OrderDate, TotalAmount) VALUES (2, 1, '2021-07-07', 64621);
INSERT INTO ProductOrder(OrderID, CustomerID, OrderDate, TotalAmount) VALUES (3, 1, '2023-03-24', 90409);
INSERT INTO ProductOrder(OrderID, CustomerID, OrderDate, TotalAmount) VALUES (4, 2, '2023-07-18', 19339);
INSERT INTO ProductOrder(OrderID, CustomerID, OrderDate, TotalAmount) VALUES (5, 2, '2023-07-02', 17118);
INSERT INTO ProductOrder(OrderID, CustomerID, OrderDate, TotalAmount) VALUES (6, 2, '2020-06-29', 71107);
INSERT INTO ProductOrder(OrderID, CustomerID, OrderDate, TotalAmount) VALUES (7, 2, '2021-08-06', 8858);
INSERT INTO ProductOrder(OrderID, CustomerID, OrderDate, TotalAmount) VALUES (8, 2, '2023-12-21', 14605);
INSERT INTO ProductOrder(OrderID, CustomerID, OrderDate, TotalAmount) VALUES (9, 2, '2020-10-22', 84945);
INSERT INTO ProductOrder(OrderID, CustomerID, OrderDate, TotalAmount) VALUES (10, 2, '2022-07-29', 32441);
INSERT INTO ProductOrder(OrderID, CustomerID, OrderDate, TotalAmount) VALUES (11, 2, '2023-10-23', 80891);
INSERT INTO ProductOrder(OrderID, CustomerID, OrderDate, TotalAmount) VALUES (12, 3, '2023-02-09', 81813);
INSERT INTO ProductOrder(OrderID, CustomerID, OrderDate, TotalAmount) VALUES (13, 3, '2023-04-01', 62029);
INSERT INTO ProductOrder(OrderID, CustomerID, OrderDate, TotalAmount) VALUES (14, 4, '2021-10-14', 89689);
INSERT INTO ProductOrder(OrderID, CustomerID, OrderDate, TotalAmount) VALUES (15, 4, '2023-04-27', 92537);
INSERT INTO ProductOrder(OrderID, CustomerID, OrderDate, TotalAmount) VALUES (16, 4, '2022-06-06', 99406);
INSERT INTO ProductOrder(OrderID, CustomerID, OrderDate, TotalAmount) VALUES (17, 4, '2023-02-02', 5075);
INSERT INTO ProductOrder(OrderID, CustomerID, OrderDate, TotalAmount) VALUES (18, 4, '2022-04-15', 3424);
INSERT INTO ProductOrder(OrderID, CustomerID, OrderDate, TotalAmount) VALUES (19, 4, '2021-06-05', 38695);
INSERT INTO ProductOrder(OrderID, CustomerID, OrderDate, TotalAmount) VALUES (20, 4, '2020-01-26', 25023);
INSERT INTO ProductOrder(OrderID, CustomerID, OrderDate, TotalAmount) VALUES (21, 4, '2020-08-13', 97629);
INSERT INTO ProductOrder(OrderID, CustomerID, OrderDate, TotalAmount) VALUES (22, 4, '2022-08-06', 75349);
INSERT INTO ProductOrder(OrderID, CustomerID, OrderDate, TotalAmount) VALUES (23, 4, '2020-11-10', 75480);
INSERT INTO ProductOrder(OrderID, CustomerID, OrderDate, TotalAmount) VALUES (24, 5, '2023-06-21', 96996);
INSERT INTO ProductOrder(OrderID, CustomerID, OrderDate, TotalAmount) VALUES (25, 5, '2020-08-31', 75740);
INSERT INTO ProductOrder(OrderID, CustomerID, OrderDate, TotalAmount) VALUES (26, 5, '2021-10-07', 52866);
INSERT INTO ProductOrder(OrderID, CustomerID, OrderDate, TotalAmount) VALUES (27, 5, '2023-09-12', 36710);
INSERT INTO ProductOrder(OrderID, CustomerID, OrderDate, TotalAmount) VALUES (28, 5, '2022-08-13', 51655);
INSERT INTO ProductOrder(OrderID, CustomerID, OrderDate, TotalAmount) VALUES (29, 5, '2023-11-05', 4464);
INSERT INTO ProductOrder(OrderID, CustomerID, OrderDate, TotalAmount) VALUES (30, 5, '2022-12-14', 45374);
INSERT INTO ProductOrder(OrderID, CustomerID, OrderDate, TotalAmount) VALUES (31, 5, '2020-07-12', 14605);
INSERT INTO ProductOrder(OrderID, CustomerID, OrderDate, TotalAmount) VALUES (32, 5, '2020-04-28', 58395);
INSERT INTO ProductOrder(OrderID, CustomerID, OrderDate, TotalAmount) VALUES (33, 6, '2023-07-21', 8708);
INSERT INTO ProductOrder(OrderID, CustomerID, OrderDate, TotalAmount) VALUES (34, 6, '2022-02-03', 41086);
INSERT INTO ProductOrder(OrderID, CustomerID, OrderDate, TotalAmount) VALUES (35, 6, '2020-01-24', 84378);
INSERT INTO ProductOrder(OrderID, CustomerID, OrderDate, TotalAmount) VALUES (36, 6, '2021-11-08', 31116);
INSERT INTO ProductOrder(OrderID, CustomerID, OrderDate, TotalAmount) VALUES (37, 6, '2020-01-07', 79964);
INSERT INTO ProductOrder(OrderID, CustomerID, OrderDate, TotalAmount) VALUES (38, 7, '2020-01-11', 5562);
INSERT INTO ProductOrder(OrderID, CustomerID, OrderDate, TotalAmount) VALUES (39, 7, '2022-05-12', 50661);
INSERT INTO ProductOrder(OrderID, CustomerID, OrderDate, TotalAmount) VALUES (40, 7, '2023-07-06', 39452);
INSERT INTO ProductOrder(OrderID, CustomerID, OrderDate, TotalAmount) VALUES (41, 7, '2021-07-27', 11957);
INSERT INTO ProductOrder(OrderID, CustomerID, OrderDate, TotalAmount) VALUES (42, 7, '2021-07-16', 92498);
INSERT INTO ProductOrder(OrderID, CustomerID, OrderDate, TotalAmount) VALUES (43, 7, '2020-03-19', 82334);
INSERT INTO ProductOrder(OrderID, CustomerID, OrderDate, TotalAmount) VALUES (44, 7, '2020-08-13', 42861);
INSERT INTO ProductOrder(OrderID, CustomerID, OrderDate, TotalAmount) VALUES (45, 8, '2022-08-14', 49584);
INSERT INTO ProductOrder(OrderID, CustomerID, OrderDate, TotalAmount) VALUES (46, 8, '2023-12-23', 60797);
INSERT INTO ProductOrder(OrderID, CustomerID, OrderDate, TotalAmount) VALUES (47, 8, '2020-06-13', 65438);
INSERT INTO ProductOrder(OrderID, CustomerID, OrderDate, TotalAmount) VALUES (48, 9, '2023-08-28', 80894);
INSERT INTO ProductOrder(OrderID, CustomerID, OrderDate, TotalAmount) VALUES (49, 9, '2022-06-18', 93782);
INSERT INTO ProductOrder(OrderID, CustomerID, OrderDate, TotalAmount) VALUES (50, 9, '2021-10-31', 53660);
INSERT INTO ProductOrder(OrderID, CustomerID, OrderDate, TotalAmount) VALUES (51, 9, '2022-05-28', 40415);
INSERT INTO ProductOrder(OrderID, CustomerID, OrderDate, TotalAmount) VALUES (52, 9, '2023-07-27', 19507);
INSERT INTO ProductOrder(OrderID, CustomerID, OrderDate, TotalAmount) VALUES (53, 9, '2022-08-27', 10365);
INSERT INTO ProductOrder(OrderID, CustomerID, OrderDate, TotalAmount) VALUES (54, 9, '2021-04-07', 28571);
INSERT INTO ProductOrder(OrderID, CustomerID, OrderDate, TotalAmount) VALUES (55, 9, '2022-12-04', 40248);
INSERT INTO ProductOrder(OrderID, CustomerID, OrderDate, TotalAmount) VALUES (56, 9, '2021-08-18', 58905);
INSERT INTO ProductOrder(OrderID, CustomerID, OrderDate, TotalAmount) VALUES (57, 10, '2020-04-01', 5082);
INSERT INTO ProductOrder(OrderID, CustomerID, OrderDate, TotalAmount) VALUES (58, 10, '2022-10-21', 99501);
INSERT INTO ProductOrder(OrderID, CustomerID, OrderDate, TotalAmount) VALUES (59, 10, '2023-07-12', 13827);
INSERT INTO ProductOrder(OrderID, CustomerID, OrderDate, TotalAmount) VALUES (60, 10, '2021-07-02', 21231);
INSERT INTO ProductOrder(OrderID, CustomerID, OrderDate, TotalAmount) VALUES (61, 10, '2022-06-23', 30609);
INSERT INTO ProductOrder(OrderID, CustomerID, OrderDate, TotalAmount) VALUES (62, 10, '2023-07-09', 48011);
INSERT INTO ProductOrder(OrderID, CustomerID, OrderDate, TotalAmount) VALUES (63, 10, '2022-06-26', 24008);
INSERT INTO ProductOrder(OrderID, CustomerID, OrderDate, TotalAmount) VALUES (64, 10, '2020-01-07', 76323);
INSERT INTO ProductOrder(OrderID, CustomerID, OrderDate, TotalAmount) VALUES (65, 10, '2022-05-28', 29751);
INSERT INTO ProductOrder(OrderID, CustomerID, OrderDate, TotalAmount) VALUES (66, 10, '2023-04-01', 75761);
INSERT INTO ProductOrder(OrderID, CustomerID, OrderDate, TotalAmount) VALUES (67, 11, '2023-10-23', 92384);
INSERT INTO ProductOrder(OrderID, CustomerID, OrderDate, TotalAmount) VALUES (68, 11, '2020-08-17', 37416);
INSERT INTO ProductOrder(OrderID, CustomerID, OrderDate, TotalAmount) VALUES (69, 11, '2023-11-06', 64207);
INSERT INTO ProductOrder(OrderID, CustomerID, OrderDate, TotalAmount) VALUES (70, 11, '2020-05-16', 44215);
INSERT INTO ProductOrder(OrderID, CustomerID, OrderDate, TotalAmount) VALUES (71, 11, '2023-10-29', 55192);
INSERT INTO ProductOrder(OrderID, CustomerID, OrderDate, TotalAmount) VALUES (72, 11, '2023-05-21', 71750);
INSERT INTO ProductOrder(OrderID, CustomerID, OrderDate, TotalAmount) VALUES (73, 11, '2020-12-20', 46004);
INSERT INTO ProductOrder(OrderID, CustomerID, OrderDate, TotalAmount) VALUES (74, 11, '2022-02-27', 99991);
INSERT INTO ProductOrder(OrderID, CustomerID, OrderDate, TotalAmount) VALUES (75, 12, '2020-10-08', 67770);
INSERT INTO ProductOrder(OrderID, CustomerID, OrderDate, TotalAmount) VALUES (76, 12, '2022-06-21', 12939);
INSERT INTO ProductOrder(OrderID, CustomerID, OrderDate, TotalAmount) VALUES (77, 12, '2022-08-16', 19479);
INSERT INTO ProductOrder(OrderID, CustomerID, OrderDate, TotalAmount) VALUES (78, 13, '2020-03-04', 43830);
INSERT INTO ProductOrder(OrderID, CustomerID, OrderDate, TotalAmount) VALUES (79, 13, '2023-09-28', 86342);
INSERT INTO ProductOrder(OrderID, CustomerID, OrderDate, TotalAmount) VALUES (80, 13, '2023-10-27', 1139);
INSERT INTO ProductOrder(OrderID, CustomerID, OrderDate, TotalAmount) VALUES (81, 13, '2021-08-02', 74582);
INSERT INTO ProductOrder(OrderID, CustomerID, OrderDate, TotalAmount) VALUES (82, 13, '2022-06-23', 40102);
INSERT INTO ProductOrder(OrderID, CustomerID, OrderDate, TotalAmount) VALUES (83, 14, '2020-03-23', 6455);
INSERT INTO ProductOrder(OrderID, CustomerID, OrderDate, TotalAmount) VALUES (84, 14, '2021-09-25', 48270);
INSERT INTO ProductOrder(OrderID, CustomerID, OrderDate, TotalAmount) VALUES (85, 14, '2021-03-22', 78558);
INSERT INTO ProductOrder(OrderID, CustomerID, OrderDate, TotalAmount) VALUES (86, 14, '2021-03-20', 62636);
INSERT INTO ProductOrder(OrderID, CustomerID, OrderDate, TotalAmount) VALUES (87, 14, '2021-11-26', 78151);
INSERT INTO ProductOrder(OrderID, CustomerID, OrderDate, TotalAmount) VALUES (88, 14, '2022-11-19', 64314);
INSERT INTO ProductOrder(OrderID, CustomerID, OrderDate, TotalAmount) VALUES (89, 14, '2022-01-10', 97045);
INSERT INTO ProductOrder(OrderID, CustomerID, OrderDate, TotalAmount) VALUES (90, 15, '2020-07-04', 52978);
INSERT INTO ProductOrder(OrderID, CustomerID, OrderDate, TotalAmount) VALUES (91, 15, '2020-09-28', 65228);
INSERT INTO ProductOrder(OrderID, CustomerID, OrderDate, TotalAmount) VALUES (92, 15, '2023-03-08', 47641);
INSERT INTO ProductOrder(OrderID, CustomerID, OrderDate, TotalAmount) VALUES (93, 15, '2022-07-05', 67913);
INSERT INTO ProductOrder(OrderID, CustomerID, OrderDate, TotalAmount) VALUES (94, 15, '2020-02-08', 86810);
INSERT INTO ProductOrder(OrderID, CustomerID, OrderDate, TotalAmount) VALUES (95, 15, '2022-12-30', 12423);
INSERT INTO ProductOrder(OrderID, CustomerID, OrderDate, TotalAmount) VALUES (96, 15, '2022-04-06', 23710);
INSERT INTO ProductOrder(OrderID, CustomerID, OrderDate, TotalAmount) VALUES (97, 15, '2022-12-16', 8992);
INSERT INTO ProductOrder(OrderID, CustomerID, OrderDate, TotalAmount) VALUES (98, 15, '2022-06-14', 28964);
INSERT INTO ProductOrder(OrderID, CustomerID, OrderDate, TotalAmount) VALUES (99, 16, '2023-04-25', 75504);
INSERT INTO ProductOrder(OrderID, CustomerID, OrderDate, TotalAmount) VALUES (100, 16, '2020-02-03', 60988);
INSERT INTO ProductOrder(OrderID, CustomerID, OrderDate, TotalAmount) VALUES (101, 16, '2020-01-29', 61486);
INSERT INTO ProductOrder(OrderID, CustomerID, OrderDate, TotalAmount) VALUES (102, 16, '2022-09-24', 21208);
INSERT INTO ProductOrder(OrderID, CustomerID, OrderDate, TotalAmount) VALUES (103, 16, '2020-03-07', 15918);
INSERT INTO ProductOrder(OrderID, CustomerID, OrderDate, TotalAmount) VALUES (104, 17, '2020-08-08', 78592);
INSERT INTO ProductOrder(OrderID, CustomerID, OrderDate, TotalAmount) VALUES (105, 17, '2021-12-12', 40454);
INSERT INTO ProductOrder(OrderID, CustomerID, OrderDate, TotalAmount) VALUES (106, 18, '2023-08-07', 4420);
INSERT INTO ProductOrder(OrderID, CustomerID, OrderDate, TotalAmount) VALUES (107, 18, '2021-04-05', 66948);
INSERT INTO ProductOrder(OrderID, CustomerID, OrderDate, TotalAmount) VALUES (108, 18, '2021-04-29', 18134);
INSERT INTO ProductOrder(OrderID, CustomerID, OrderDate, TotalAmount) VALUES (109, 18, '2022-06-30', 45690);
INSERT INTO ProductOrder(OrderID, CustomerID, OrderDate, TotalAmount) VALUES (110, 18, '2022-07-09', 41209);
INSERT INTO ProductOrder(OrderID, CustomerID, OrderDate, TotalAmount) VALUES (111, 18, '2021-03-12', 14545);
INSERT INTO ProductOrder(OrderID, CustomerID, OrderDate, TotalAmount) VALUES (112, 18, '2021-11-10', 92440);
INSERT INTO ProductOrder(OrderID, CustomerID, OrderDate, TotalAmount) VALUES (113, 18, '2020-11-17', 34400);
INSERT INTO ProductOrder(OrderID, CustomerID, OrderDate, TotalAmount) VALUES (114, 18, '2021-04-25', 39437);
INSERT INTO ProductOrder(OrderID, CustomerID, OrderDate, TotalAmount) VALUES (115, 18, '2021-03-18', 52397);
INSERT INTO ProductOrder(OrderID, CustomerID, OrderDate, TotalAmount) VALUES (116, 19, '2021-07-26', 67038);
INSERT INTO ProductOrder(OrderID, CustomerID, OrderDate, TotalAmount) VALUES (117, 19, '2022-11-06', 88507);
INSERT INTO ProductOrder(OrderID, CustomerID, OrderDate, TotalAmount) VALUES (118, 19, '2021-11-18', 75087);
INSERT INTO ProductOrder(OrderID, CustomerID, OrderDate, TotalAmount) VALUES (119, 19, '2023-05-27', 22846);
INSERT INTO ProductOrder(OrderID, CustomerID, OrderDate, TotalAmount) VALUES (120, 20, '2022-11-21', 15505);
INSERT INTO ProductOrder(OrderID, CustomerID, OrderDate, TotalAmount) VALUES (121, 20, '2021-07-02', 1322);
INSERT INTO ProductOrder(OrderID, CustomerID, OrderDate, TotalAmount) VALUES (122, 20, '2021-04-30', 15008);
INSERT INTO ProductOrder(OrderID, CustomerID, OrderDate, TotalAmount) VALUES (123, 20, '2022-02-28', 42953);