use kuso_shop;
INSERT INTO Customer ( FirstName, LastName, Email, Phone) VALUES ( 'Shiro', 'Yamamoto', 'shiro.yamamoto1@example.com', '080-3404-5338');
INSERT INTO Password (CustomerID, PasswordHash) VALUES (1, '$2b$12$EuRydNmeVcp5pVEqG/.8K.7jMlPcJGSQ4QdjKd7F9OKhMlxUG09r.');
INSERT INTO Customer ( FirstName, LastName, Email, Phone) VALUES ( 'Saburo', 'Kato', 'saburo.kato2@example.com', '080-8813-4338');
INSERT INTO Password (CustomerID, PasswordHash) VALUES (2, '$2b$12$9Qn76CjY/SDZZEWtIiyQgunuqBkAmFxIxGe2hOCo0xJK3q5In0Nma');
INSERT INTO Customer ( FirstName, LastName, Email, Phone) VALUES ( 'Yoko', 'Yamamoto', 'yoko.yamamoto3@example.com', '080-9093-7685');
INSERT INTO Password (CustomerID, PasswordHash) VALUES (3, '$2b$12$8dieHXi4n.UNFrhn3IeI5.yuPYlgKlPRXpDLuNnIyt3JmXXB5c0FG');
INSERT INTO Customer ( FirstName, LastName, Email, Phone) VALUES ( 'Yumi', 'Nakamura', 'yumi.nakamura4@example.com', '080-4072-2878');
INSERT INTO Password (CustomerID, PasswordHash) VALUES (4, '$2b$12$6g9xHC1Z3XRurWST9snXc.VVQ3.hfLKIpjHgf5Enl2NrzlYSmd.Z.');
INSERT INTO Customer ( FirstName, LastName, Email, Phone) VALUES ( 'Miki', 'Kobayashi', 'miki.kobayashi5@example.com', '080-9252-3089');
INSERT INTO Password (CustomerID, PasswordHash) VALUES (5, '$2b$12$WRrZ.LRmuyUMkK.zwjK5Fuqo9frEOfGgZSVJxTSeJuqrkL7IC.fnm');
INSERT INTO Customer ( FirstName, LastName, Email, Phone) VALUES ( 'Shiro', 'Watanabe', 'shiro.watanabe6@example.com', '080-7332-7329');
INSERT INTO Password (CustomerID, PasswordHash) VALUES (6, '$2b$12$1DthDWbaKL00D44kxdRz.OsI3PxSakk7I/k3Xs7GgCprCj8uVNFQ6');
INSERT INTO Customer ( FirstName, LastName, Email, Phone) VALUES ( 'Saki', 'Sato', 'saki.sato7@example.com', '080-3683-2943');
INSERT INTO Password (CustomerID, PasswordHash) VALUES (7, '$2b$12$3rYmx/siSsPMieELMkX.FesNT1bl.X1cIZKQtqNiVB3ncSKL098Li');
INSERT INTO Customer ( FirstName, LastName, Email, Phone) VALUES ( 'Saburo', 'Watanabe', 'saburo.watanabe8@example.com', '080-9971-4753');
INSERT INTO Password (CustomerID, PasswordHash) VALUES (8, '$2b$12$cWjonSZ39qGDthQo21Se7O36X1k8wIWajWzQfQTQtNKkcH1xd.oWK');
INSERT INTO Customer ( FirstName, LastName, Email, Phone) VALUES ( 'Shiro', 'Suzuki', 'shiro.suzuki9@example.com', '080-4771-7862');
INSERT INTO Password (CustomerID, PasswordHash) VALUES (9, '$2b$12$X1b48VFF11PRgZWrg31oG.O.TyAqlnh3xNxS1mb9xYN7HIiHx0Dui');
INSERT INTO Customer ( FirstName, LastName, Email, Phone) VALUES ( 'Miki', 'Yamamoto', 'miki.yamamoto10@example.com', '080-4807-4595');
INSERT INTO Password (CustomerID, PasswordHash) VALUES (10, '$2b$12$4.u02HyxQdnJmAxbiyfAOePq8dD6Q.fvlW1qDd.vVASWd0ynmtmnC');
INSERT INTO Customer ( FirstName, LastName, Email, Phone) VALUES ( 'Miki', 'Suzuki', 'miki.suzuki11@example.com', '080-1649-4293');
INSERT INTO Password (CustomerID, PasswordHash) VALUES (11, '$2b$12$SwCfdMizxwzbnzz57/uPi.kaegukXfPovzt9W/8uDrs.zaDZjB1hO');
INSERT INTO Customer ( FirstName, LastName, Email, Phone) VALUES ( 'Yumi', 'Suzuki', 'yumi.suzuki12@example.com', '080-5682-2225');
INSERT INTO Password (CustomerID, PasswordHash) VALUES (12, '$2b$12$lzhERd5cO6QShliSt66dy.Zrrggh2leyKLzvHvogystFn1rz/M/qq');
INSERT INTO Customer ( FirstName, LastName, Email, Phone) VALUES ( 'Jiro', 'Nakamura', 'jiro.nakamura13@example.com', '080-6440-1481');
INSERT INTO Password (CustomerID, PasswordHash) VALUES (13, '$2b$12$yKe7lwaampE6jnmEnZ.NQeT8sf0ObXA6HrPwSvhfiggHx1CfVdpK.');
INSERT INTO Customer ( FirstName, LastName, Email, Phone) VALUES ( 'Saburo', 'Sato', 'saburo.sato14@example.com', '080-6864-2859');
INSERT INTO Password (CustomerID, PasswordHash) VALUES (14, '$2b$12$krlMeC7GhfTjsI0sxeBLDeQg0NgnGW/U03CP4WNLc2s5Gio8l11Ka');
INSERT INTO Customer ( FirstName, LastName, Email, Phone) VALUES ( 'Saki', 'Takahashi', 'saki.takahashi15@example.com', '080-6831-9968');
INSERT INTO Password (CustomerID, PasswordHash) VALUES (15, '$2b$12$GqOOLP0yAvqO3QvVx.IdeO/pASwAMovssPK6KqIODYC5gtaK/uQLW');
INSERT INTO Customer ( FirstName, LastName, Email, Phone) VALUES ( 'Jiro', 'Watanabe', 'jiro.watanabe16@example.com', '080-3393-3018');
INSERT INTO Password (CustomerID, PasswordHash) VALUES (16, '$2b$12$pkJE3k3RFMMOHgIulVbfbu0kJ6YP5lYoWeIn1FbGX/UjxIG/NwMpS');
INSERT INTO Customer ( FirstName, LastName, Email, Phone) VALUES ( 'Saburo', 'Yamamoto', 'saburo.yamamoto17@example.com', '080-4036-5029');
INSERT INTO Password (CustomerID, PasswordHash) VALUES (17, '$2b$12$S081UWHCcEyotDDgTYL7ZOOllsYRz.LKleMFPmop.pWABSXUuuRDG');
INSERT INTO Customer ( FirstName, LastName, Email, Phone) VALUES ( 'Hanako', 'Kato', 'hanako.kato18@example.com', '080-4271-7234');
INSERT INTO Password (CustomerID, PasswordHash) VALUES (18, '$2b$12$SEnuJSSJGITbk0oKtmE.wusJeYcNFE2icqW.nmKYvHO/MVNqPSzga');
INSERT INTO Customer ( FirstName, LastName, Email, Phone) VALUES ( 'Taro', 'Ito', 'taro.ito19@example.com', '080-5054-3802');
INSERT INTO Password (CustomerID, PasswordHash) VALUES (19, '$2b$12$6pM8WLM.RUT6GbbMNONQnu2gea7w9xRA2Y3QqNLa5Oa1OgGoO78ce');
INSERT INTO Customer ( FirstName, LastName, Email, Phone) VALUES ( 'Yoko', 'Sato', 'yoko.sato20@example.com', '080-2757-6913');
INSERT INTO Password (CustomerID, PasswordHash) VALUES (20, '$2b$12$VeEBw1v15MhFvfx2BbxMdO09I1Q5lDSFZYyAiC0vjYVAtkLaiAm0q');
INSERT INTO Product ( ProductName, Price, Description) VALUES ( 'T-Shirt', 5423, 'Comfortable and stylish T-Shirt.');
INSERT INTO Product ( ProductName, Price, Description) VALUES ( 'Hoodie', 4906, 'Warm and cozy hoodie.');
INSERT INTO Product ( ProductName, Price, Description) VALUES ( 'Sweater', 6021, 'Soft and comfortable sweater.');
INSERT INTO Product ( ProductName, Price, Description) VALUES ( 'Jacket', 8143, 'Stylish and practical jacket.');
INSERT INTO Product ( ProductName, Price, Description) VALUES ( 'Pants', 7107, 'Comfortable and versatile pants.');
INSERT INTO Product ( ProductName, Price, Description) VALUES ( 'Shorts', 7456, 'Cool and comfortable shorts.');
INSERT INTO Product ( ProductName, Price, Description) VALUES ( 'Skirt', 7338, 'Stylish and feminine skirt.');
INSERT INTO Product ( ProductName, Price, Description) VALUES ( 'Dress', 7019, 'Elegant and beautiful dress.');
INSERT INTO Product ( ProductName, Price, Description) VALUES ( 'Hat', 2980, 'Stylish and practical hat.');
INSERT INTO Product ( ProductName, Price, Description) VALUES ( 'Scarf', 5397, 'Warm and cozy scarf.');
INSERT INTO Cart(CustomerID,ProductID, Count) VALUES ( 1, 1, 80992);
INSERT INTO Cart(CustomerID,ProductID, Count) VALUES ( 1, 2, 7394);
INSERT INTO Cart(CustomerID,ProductID, Count) VALUES ( 1, 3, 57823);
INSERT INTO Cart(CustomerID,ProductID, Count) VALUES ( 1, 4, 28896);
INSERT INTO Cart(CustomerID,ProductID, Count) VALUES ( 1, 5, 66864);
INSERT INTO Cart(CustomerID,ProductID, Count) VALUES ( 1, 6, 78304);
INSERT INTO Cart(CustomerID,ProductID, Count) VALUES ( 2, 1, 32544);
INSERT INTO Cart(CustomerID,ProductID, Count) VALUES ( 2, 2, 70684);
INSERT INTO Cart(CustomerID,ProductID, Count) VALUES ( 2, 3, 68817);
INSERT INTO Cart(CustomerID,ProductID, Count) VALUES ( 2, 4, 29512);
INSERT INTO Cart(CustomerID,ProductID, Count) VALUES ( 2, 5, 76933);
INSERT INTO Cart(CustomerID,ProductID, Count) VALUES ( 2, 6, 34996);
INSERT INTO Cart(CustomerID,ProductID, Count) VALUES ( 3, 1, 1191);
INSERT INTO Cart(CustomerID,ProductID, Count) VALUES ( 3, 2, 8687);
INSERT INTO Cart(CustomerID,ProductID, Count) VALUES ( 3, 3, 93555);
INSERT INTO Cart(CustomerID,ProductID, Count) VALUES ( 3, 4, 18144);
INSERT INTO Cart(CustomerID,ProductID, Count) VALUES ( 3, 5, 92408);
INSERT INTO Cart(CustomerID,ProductID, Count) VALUES ( 4, 1, 94934);
INSERT INTO Cart(CustomerID,ProductID, Count) VALUES ( 4, 2, 82811);
INSERT INTO Cart(CustomerID,ProductID, Count) VALUES ( 4, 3, 8866);
INSERT INTO Cart(CustomerID,ProductID, Count) VALUES ( 4, 4, 93226);
INSERT INTO Cart(CustomerID,ProductID, Count) VALUES ( 4, 5, 34068);
INSERT INTO Cart(CustomerID,ProductID, Count) VALUES ( 4, 6, 61234);
INSERT INTO Cart(CustomerID,ProductID, Count) VALUES ( 4, 7, 85933);
INSERT INTO Cart(CustomerID,ProductID, Count) VALUES ( 4, 8, 6602);
INSERT INTO Cart(CustomerID,ProductID, Count) VALUES ( 5, 1, 49321);
INSERT INTO Cart(CustomerID,ProductID, Count) VALUES ( 5, 2, 30907);
INSERT INTO Cart(CustomerID,ProductID, Count) VALUES ( 5, 3, 96737);
INSERT INTO Cart(CustomerID,ProductID, Count) VALUES ( 5, 4, 49137);
INSERT INTO Cart(CustomerID,ProductID, Count) VALUES ( 5, 5, 13528);
INSERT INTO Cart(CustomerID,ProductID, Count) VALUES ( 5, 6, 16991);
INSERT INTO Cart(CustomerID,ProductID, Count) VALUES ( 5, 7, 34138);
INSERT INTO Cart(CustomerID,ProductID, Count) VALUES ( 5, 8, 89320);
INSERT INTO Cart(CustomerID,ProductID, Count) VALUES ( 5, 9, 23519);
INSERT INTO Cart(CustomerID,ProductID, Count) VALUES ( 6, 1, 68194);
INSERT INTO Cart(CustomerID,ProductID, Count) VALUES ( 6, 2, 82199);
INSERT INTO Cart(CustomerID,ProductID, Count) VALUES ( 6, 3, 94896);
INSERT INTO Cart(CustomerID,ProductID, Count) VALUES ( 6, 4, 24378);
INSERT INTO Cart(CustomerID,ProductID, Count) VALUES ( 6, 5, 42602);
INSERT INTO Cart(CustomerID,ProductID, Count) VALUES ( 6, 6, 4985);
INSERT INTO Cart(CustomerID,ProductID, Count) VALUES ( 7, 1, 8803);
INSERT INTO Cart(CustomerID,ProductID, Count) VALUES ( 7, 2, 30931);
INSERT INTO Cart(CustomerID,ProductID, Count) VALUES ( 8, 1, 51938);
INSERT INTO Cart(CustomerID,ProductID, Count) VALUES ( 8, 2, 94286);
INSERT INTO Cart(CustomerID,ProductID, Count) VALUES ( 8, 3, 18763);
INSERT INTO Cart(CustomerID,ProductID, Count) VALUES ( 10, 1, 58634);
INSERT INTO Cart(CustomerID,ProductID, Count) VALUES ( 12, 1, 23172);
INSERT INTO Cart(CustomerID,ProductID, Count) VALUES ( 12, 2, 52066);
INSERT INTO Cart(CustomerID,ProductID, Count) VALUES ( 12, 3, 41361);
INSERT INTO Cart(CustomerID,ProductID, Count) VALUES ( 14, 1, 8760);
INSERT INTO Cart(CustomerID,ProductID, Count) VALUES ( 14, 2, 68316);
INSERT INTO Cart(CustomerID,ProductID, Count) VALUES ( 14, 3, 38967);
INSERT INTO Cart(CustomerID,ProductID, Count) VALUES ( 14, 4, 90298);
INSERT INTO Cart(CustomerID,ProductID, Count) VALUES ( 14, 5, 76928);
INSERT INTO Cart(CustomerID,ProductID, Count) VALUES ( 14, 6, 96090);
INSERT INTO Cart(CustomerID,ProductID, Count) VALUES ( 14, 7, 89397);
INSERT INTO Cart(CustomerID,ProductID, Count) VALUES ( 15, 1, 85356);
INSERT INTO Cart(CustomerID,ProductID, Count) VALUES ( 15, 2, 65627);
INSERT INTO Cart(CustomerID,ProductID, Count) VALUES ( 15, 3, 78076);
INSERT INTO Cart(CustomerID,ProductID, Count) VALUES ( 15, 4, 50493);
INSERT INTO Cart(CustomerID,ProductID, Count) VALUES ( 15, 5, 31580);
INSERT INTO Cart(CustomerID,ProductID, Count) VALUES ( 15, 6, 22246);
INSERT INTO Cart(CustomerID,ProductID, Count) VALUES ( 15, 7, 69412);
INSERT INTO Cart(CustomerID,ProductID, Count) VALUES ( 15, 8, 60321);
INSERT INTO Cart(CustomerID,ProductID, Count) VALUES ( 15, 9, 65427);
INSERT INTO Cart(CustomerID,ProductID, Count) VALUES ( 16, 1, 58268);
INSERT INTO Cart(CustomerID,ProductID, Count) VALUES ( 16, 2, 67089);
INSERT INTO Cart(CustomerID,ProductID, Count) VALUES ( 16, 3, 32691);
INSERT INTO Cart(CustomerID,ProductID, Count) VALUES ( 16, 4, 77496);
INSERT INTO Cart(CustomerID,ProductID, Count) VALUES ( 16, 5, 34059);
INSERT INTO Cart(CustomerID,ProductID, Count) VALUES ( 16, 6, 35402);
INSERT INTO Cart(CustomerID,ProductID, Count) VALUES ( 17, 1, 33372);
INSERT INTO Cart(CustomerID,ProductID, Count) VALUES ( 18, 1, 88309);
INSERT INTO Cart(CustomerID,ProductID, Count) VALUES ( 18, 2, 15970);
INSERT INTO Cart(CustomerID,ProductID, Count) VALUES ( 20, 1, 18946);
INSERT INTO Cart(CustomerID,ProductID, Count) VALUES ( 20, 2, 34650);
INSERT INTO Cart(CustomerID,ProductID, Count) VALUES ( 20, 3, 53635);
INSERT INTO Cart(CustomerID,ProductID, Count) VALUES ( 20, 4, 46697);
INSERT INTO Cart(CustomerID,ProductID, Count) VALUES ( 20, 5, 87274);
INSERT INTO Cart(CustomerID,ProductID, Count) VALUES ( 20, 6, 49227);
INSERT INTO Cart(CustomerID,ProductID, Count) VALUES ( 20, 7, 25433);
INSERT INTO Cart(CustomerID,ProductID, Count) VALUES ( 20, 8, 16470);
INSERT INTO ProductOrder(OrderID, CustomerID, OrderDate, TotalAmount) VALUES (1, 1, '2020-02-16', 25088);
INSERT INTO ProductOrder(OrderID, CustomerID, OrderDate, TotalAmount) VALUES (2, 2, '2020-02-25', 63744);
INSERT INTO ProductOrder(OrderID, CustomerID, OrderDate, TotalAmount) VALUES (3, 2, '2020-02-02', 57515);
INSERT INTO ProductOrder(OrderID, CustomerID, OrderDate, TotalAmount) VALUES (4, 2, '2022-10-04', 8443);
INSERT INTO ProductOrder(OrderID, CustomerID, OrderDate, TotalAmount) VALUES (5, 2, '2020-12-16', 66625);
INSERT INTO ProductOrder(OrderID, CustomerID, OrderDate, TotalAmount) VALUES (6, 2, '2023-03-29', 77486);
INSERT INTO ProductOrder(OrderID, CustomerID, OrderDate, TotalAmount) VALUES (7, 3, '2021-06-26', 62744);
INSERT INTO ProductOrder(OrderID, CustomerID, OrderDate, TotalAmount) VALUES (8, 3, '2022-04-07', 4763);
INSERT INTO ProductOrder(OrderID, CustomerID, OrderDate, TotalAmount) VALUES (9, 3, '2021-11-03', 6559);
INSERT INTO ProductOrder(OrderID, CustomerID, OrderDate, TotalAmount) VALUES (10, 3, '2023-09-22', 29680);
INSERT INTO ProductOrder(OrderID, CustomerID, OrderDate, TotalAmount) VALUES (11, 3, '2023-04-06', 44376);
INSERT INTO ProductOrder(OrderID, CustomerID, OrderDate, TotalAmount) VALUES (12, 4, '2021-08-23', 34210);
INSERT INTO ProductOrder(OrderID, CustomerID, OrderDate, TotalAmount) VALUES (13, 4, '2022-03-01', 91779);
INSERT INTO ProductOrder(OrderID, CustomerID, OrderDate, TotalAmount) VALUES (14, 4, '2022-07-25', 82016);
INSERT INTO ProductOrder(OrderID, CustomerID, OrderDate, TotalAmount) VALUES (15, 4, '2021-07-12', 17748);
INSERT INTO ProductOrder(OrderID, CustomerID, OrderDate, TotalAmount) VALUES (16, 4, '2020-01-22', 85640);
INSERT INTO ProductOrder(OrderID, CustomerID, OrderDate, TotalAmount) VALUES (17, 4, '2022-12-13', 35810);
INSERT INTO ProductOrder(OrderID, CustomerID, OrderDate, TotalAmount) VALUES (18, 4, '2020-04-15', 57501);
INSERT INTO ProductOrder(OrderID, CustomerID, OrderDate, TotalAmount) VALUES (19, 4, '2020-07-22', 31046);
INSERT INTO ProductOrder(OrderID, CustomerID, OrderDate, TotalAmount) VALUES (20, 4, '2020-10-17', 64843);
INSERT INTO ProductOrder(OrderID, CustomerID, OrderDate, TotalAmount) VALUES (21, 5, '2020-09-07', 20482);
INSERT INTO ProductOrder(OrderID, CustomerID, OrderDate, TotalAmount) VALUES (22, 5, '2021-03-19', 50120);
INSERT INTO ProductOrder(OrderID, CustomerID, OrderDate, TotalAmount) VALUES (23, 5, '2022-08-16', 95192);
INSERT INTO ProductOrder(OrderID, CustomerID, OrderDate, TotalAmount) VALUES (24, 5, '2022-11-06', 62398);
INSERT INTO ProductOrder(OrderID, CustomerID, OrderDate, TotalAmount) VALUES (25, 6, '2022-09-24', 35885);
INSERT INTO ProductOrder(OrderID, CustomerID, OrderDate, TotalAmount) VALUES (26, 7, '2021-01-12', 11428);
INSERT INTO ProductOrder(OrderID, CustomerID, OrderDate, TotalAmount) VALUES (27, 8, '2020-05-11', 95423);
INSERT INTO ProductOrder(OrderID, CustomerID, OrderDate, TotalAmount) VALUES (28, 8, '2021-02-24', 11102);
INSERT INTO ProductOrder(OrderID, CustomerID, OrderDate, TotalAmount) VALUES (29, 8, '2021-02-24', 66997);
INSERT INTO ProductOrder(OrderID, CustomerID, OrderDate, TotalAmount) VALUES (30, 8, '2021-02-05', 71536);
INSERT INTO ProductOrder(OrderID, CustomerID, OrderDate, TotalAmount) VALUES (31, 8, '2022-09-25', 45408);
INSERT INTO ProductOrder(OrderID, CustomerID, OrderDate, TotalAmount) VALUES (32, 9, '2021-03-31', 57281);
INSERT INTO ProductOrder(OrderID, CustomerID, OrderDate, TotalAmount) VALUES (33, 9, '2023-09-20', 96612);
INSERT INTO ProductOrder(OrderID, CustomerID, OrderDate, TotalAmount) VALUES (34, 9, '2021-07-10', 4318);
INSERT INTO ProductOrder(OrderID, CustomerID, OrderDate, TotalAmount) VALUES (35, 9, '2022-06-22', 15304);
INSERT INTO ProductOrder(OrderID, CustomerID, OrderDate, TotalAmount) VALUES (36, 9, '2022-05-25', 22283);
INSERT INTO ProductOrder(OrderID, CustomerID, OrderDate, TotalAmount) VALUES (37, 9, '2021-08-20', 61549);
INSERT INTO ProductOrder(OrderID, CustomerID, OrderDate, TotalAmount) VALUES (38, 10, '2020-05-20', 51597);
INSERT INTO ProductOrder(OrderID, CustomerID, OrderDate, TotalAmount) VALUES (39, 10, '2021-04-28', 73043);
INSERT INTO ProductOrder(OrderID, CustomerID, OrderDate, TotalAmount) VALUES (40, 10, '2023-05-31', 67720);
INSERT INTO ProductOrder(OrderID, CustomerID, OrderDate, TotalAmount) VALUES (41, 10, '2020-10-10', 72616);
INSERT INTO ProductOrder(OrderID, CustomerID, OrderDate, TotalAmount) VALUES (42, 10, '2023-05-22', 91253);
INSERT INTO ProductOrder(OrderID, CustomerID, OrderDate, TotalAmount) VALUES (43, 11, '2023-01-11', 40107);
INSERT INTO ProductOrder(OrderID, CustomerID, OrderDate, TotalAmount) VALUES (44, 11, '2022-03-27', 15923);
INSERT INTO ProductOrder(OrderID, CustomerID, OrderDate, TotalAmount) VALUES (45, 12, '2020-01-21', 62669);
INSERT INTO ProductOrder(OrderID, CustomerID, OrderDate, TotalAmount) VALUES (46, 12, '2023-09-13', 45316);
INSERT INTO ProductOrder(OrderID, CustomerID, OrderDate, TotalAmount) VALUES (47, 12, '2021-03-06', 26552);
INSERT INTO ProductOrder(OrderID, CustomerID, OrderDate, TotalAmount) VALUES (48, 12, '2023-03-23', 12780);
INSERT INTO ProductOrder(OrderID, CustomerID, OrderDate, TotalAmount) VALUES (49, 12, '2021-03-12', 14683);
INSERT INTO ProductOrder(OrderID, CustomerID, OrderDate, TotalAmount) VALUES (50, 12, '2020-12-26', 6698);
INSERT INTO ProductOrder(OrderID, CustomerID, OrderDate, TotalAmount) VALUES (51, 12, '2020-08-21', 39142);
INSERT INTO ProductOrder(OrderID, CustomerID, OrderDate, TotalAmount) VALUES (52, 12, '2023-12-28', 68968);
INSERT INTO ProductOrder(OrderID, CustomerID, OrderDate, TotalAmount) VALUES (53, 12, '2020-03-04', 19600);
INSERT INTO ProductOrder(OrderID, CustomerID, OrderDate, TotalAmount) VALUES (54, 12, '2021-06-15', 48925);
INSERT INTO ProductOrder(OrderID, CustomerID, OrderDate, TotalAmount) VALUES (55, 13, '2021-07-16', 26904);
INSERT INTO ProductOrder(OrderID, CustomerID, OrderDate, TotalAmount) VALUES (56, 13, '2023-02-07', 23775);
INSERT INTO ProductOrder(OrderID, CustomerID, OrderDate, TotalAmount) VALUES (57, 13, '2021-05-24', 56978);
INSERT INTO ProductOrder(OrderID, CustomerID, OrderDate, TotalAmount) VALUES (58, 13, '2021-06-14', 36863);
INSERT INTO ProductOrder(OrderID, CustomerID, OrderDate, TotalAmount) VALUES (59, 13, '2021-05-02', 2488);
INSERT INTO ProductOrder(OrderID, CustomerID, OrderDate, TotalAmount) VALUES (60, 13, '2020-01-06', 19851);
INSERT INTO ProductOrder(OrderID, CustomerID, OrderDate, TotalAmount) VALUES (61, 13, '2022-02-03', 31357);
INSERT INTO ProductOrder(OrderID, CustomerID, OrderDate, TotalAmount) VALUES (62, 13, '2020-07-21', 64047);
INSERT INTO ProductOrder(OrderID, CustomerID, OrderDate, TotalAmount) VALUES (63, 13, '2020-12-15', 92327);
INSERT INTO ProductOrder(OrderID, CustomerID, OrderDate, TotalAmount) VALUES (64, 13, '2023-01-28', 67499);
INSERT INTO ProductOrder(OrderID, CustomerID, OrderDate, TotalAmount) VALUES (65, 14, '2022-04-27', 51772);
INSERT INTO ProductOrder(OrderID, CustomerID, OrderDate, TotalAmount) VALUES (66, 14, '2023-12-20', 89827);
INSERT INTO ProductOrder(OrderID, CustomerID, OrderDate, TotalAmount) VALUES (67, 15, '2021-05-29', 29527);
INSERT INTO ProductOrder(OrderID, CustomerID, OrderDate, TotalAmount) VALUES (68, 15, '2020-01-17', 14204);
INSERT INTO ProductOrder(OrderID, CustomerID, OrderDate, TotalAmount) VALUES (69, 15, '2022-09-06', 67143);
INSERT INTO ProductOrder(OrderID, CustomerID, OrderDate, TotalAmount) VALUES (70, 15, '2020-12-06', 36152);
INSERT INTO ProductOrder(OrderID, CustomerID, OrderDate, TotalAmount) VALUES (71, 15, '2021-01-23', 23745);
INSERT INTO ProductOrder(OrderID, CustomerID, OrderDate, TotalAmount) VALUES (72, 15, '2023-05-12', 25994);
INSERT INTO ProductOrder(OrderID, CustomerID, OrderDate, TotalAmount) VALUES (73, 15, '2023-12-12', 60646);
INSERT INTO ProductOrder(OrderID, CustomerID, OrderDate, TotalAmount) VALUES (74, 15, '2023-08-28', 60989);
INSERT INTO ProductOrder(OrderID, CustomerID, OrderDate, TotalAmount) VALUES (75, 15, '2023-03-07', 45180);
INSERT INTO ProductOrder(OrderID, CustomerID, OrderDate, TotalAmount) VALUES (76, 15, '2021-02-11', 26993);
INSERT INTO ProductOrder(OrderID, CustomerID, OrderDate, TotalAmount) VALUES (77, 16, '2021-04-19', 16013);
INSERT INTO ProductOrder(OrderID, CustomerID, OrderDate, TotalAmount) VALUES (78, 16, '2022-08-05', 5024);
INSERT INTO ProductOrder(OrderID, CustomerID, OrderDate, TotalAmount) VALUES (79, 16, '2023-12-23', 89210);
INSERT INTO ProductOrder(OrderID, CustomerID, OrderDate, TotalAmount) VALUES (80, 16, '2023-07-18', 16843);
INSERT INTO ProductOrder(OrderID, CustomerID, OrderDate, TotalAmount) VALUES (81, 16, '2023-04-20', 92276);
INSERT INTO ProductOrder(OrderID, CustomerID, OrderDate, TotalAmount) VALUES (82, 16, '2022-07-08', 94498);
INSERT INTO ProductOrder(OrderID, CustomerID, OrderDate, TotalAmount) VALUES (83, 17, '2023-04-25', 10877);
INSERT INTO ProductOrder(OrderID, CustomerID, OrderDate, TotalAmount) VALUES (84, 17, '2020-02-26', 88718);
INSERT INTO ProductOrder(OrderID, CustomerID, OrderDate, TotalAmount) VALUES (85, 17, '2023-07-27', 55711);
INSERT INTO ProductOrder(OrderID, CustomerID, OrderDate, TotalAmount) VALUES (86, 18, '2021-07-27', 29413);
INSERT INTO ProductOrder(OrderID, CustomerID, OrderDate, TotalAmount) VALUES (87, 18, '2022-10-19', 98454);
INSERT INTO ProductOrder(OrderID, CustomerID, OrderDate, TotalAmount) VALUES (88, 18, '2022-01-25', 24511);
INSERT INTO ProductOrder(OrderID, CustomerID, OrderDate, TotalAmount) VALUES (89, 18, '2020-12-05', 57154);
INSERT INTO ProductOrder(OrderID, CustomerID, OrderDate, TotalAmount) VALUES (90, 18, '2020-08-30', 19563);
INSERT INTO ProductOrder(OrderID, CustomerID, OrderDate, TotalAmount) VALUES (91, 18, '2020-12-16', 13735);
INSERT INTO ProductOrder(OrderID, CustomerID, OrderDate, TotalAmount) VALUES (92, 18, '2022-02-26', 37379);
INSERT INTO ProductOrder(OrderID, CustomerID, OrderDate, TotalAmount) VALUES (93, 18, '2022-05-23', 61496);
INSERT INTO ProductOrder(OrderID, CustomerID, OrderDate, TotalAmount) VALUES (94, 19, '2022-02-13', 96572);
INSERT INTO ProductOrder(OrderID, CustomerID, OrderDate, TotalAmount) VALUES (95, 19, '2023-08-16', 56032);
INSERT INTO ProductOrder(OrderID, CustomerID, OrderDate, TotalAmount) VALUES (96, 19, '2020-02-18', 50156);
INSERT INTO ProductOrder(OrderID, CustomerID, OrderDate, TotalAmount) VALUES (97, 19, '2023-04-23', 9291);
INSERT INTO ProductOrder(OrderID, CustomerID, OrderDate, TotalAmount) VALUES (98, 19, '2023-09-30', 65153);
INSERT INTO ProductOrder(OrderID, CustomerID, OrderDate, TotalAmount) VALUES (99, 20, '2022-06-27', 51001);
INSERT INTO ProductOrder(OrderID, CustomerID, OrderDate, TotalAmount) VALUES (100, 20, '2021-09-01', 69034);