INSERT INTO Customer (CustomerID, FirstName, LastName, Email, Phone) VALUES (1, 'Hanako', 'Yamamoto', 'hanako.yamamoto1@example.com', '080-3660-4771');
INSERT INTO Password (CustomerID, PasswordHash) VALUES (1, '$2b$12$yRpghuWNRps9HhYctFhgfuzCpGIpOMwDY4ck41tXGp99hg/IsYW1W');
INSERT INTO Customer (CustomerID, FirstName, LastName, Email, Phone) VALUES (2, 'Yoko', 'Takahashi', 'yoko.takahashi2@example.com', '080-7823-3650');
INSERT INTO Password (CustomerID, PasswordHash) VALUES (2, '$2b$12$27F.Uhq5E1JiwY5wNvOfFeo43C.Kju5V0dd9DjTFS7UhHtQJAWdNS');
INSERT INTO Customer (CustomerID, FirstName, LastName, Email, Phone) VALUES (3, 'Hanako', 'Kato', 'hanako.kato3@example.com', '080-9783-1628');
INSERT INTO Password (CustomerID, PasswordHash) VALUES (3, '$2b$12$4Eq9pUqCHDGBC39y8WFNqeEIohUZzd7HwdG9sXyJp8emyodxf8tcS');
INSERT INTO Customer (CustomerID, FirstName, LastName, Email, Phone) VALUES (4, 'Saburo', 'Takahashi', 'saburo.takahashi4@example.com', '080-7075-7474');
INSERT INTO Password (CustomerID, PasswordHash) VALUES (4, '$2b$12$BIEtLX4K3ls3nAcPjCa0t.1rdtgkAYInmA4fM9YpsSkyWSFv8Cr4K');
INSERT INTO Customer (CustomerID, FirstName, LastName, Email, Phone) VALUES (5, 'Yumi', 'Takahashi', 'yumi.takahashi5@example.com', '080-7796-7796');
INSERT INTO Password (CustomerID, PasswordHash) VALUES (5, '$2b$12$2zQEREZ2Ic2VtbL.Dz887OYnQdMAiuQyBCxnbjZ8NX4qZ.NeG5ZBG');
INSERT INTO Customer (CustomerID, FirstName, LastName, Email, Phone) VALUES (6, 'Taro', 'Suzuki', 'taro.suzuki6@example.com', '080-3095-2384');
INSERT INTO Password (CustomerID, PasswordHash) VALUES (6, '$2b$12$Lk7e0pTvBCcuxhVeov14Lu79jmvfbazB8I64ru2otG/D4RxwGMiZu');
INSERT INTO Customer (CustomerID, FirstName, LastName, Email, Phone) VALUES (7, 'Jiro', 'Tanaka', 'jiro.tanaka7@example.com', '080-6761-8318');
INSERT INTO Password (CustomerID, PasswordHash) VALUES (7, '$2b$12$uuzJ/R0YKsFoamiYmopa5O6jW5YAYQV4llyS/mZj9dabN78Jwjwdu');
INSERT INTO Customer (CustomerID, FirstName, LastName, Email, Phone) VALUES (8, 'Taro', 'Suzuki', 'taro.suzuki8@example.com', '080-9836-5131');
INSERT INTO Password (CustomerID, PasswordHash) VALUES (8, '$2b$12$XnuyMbGSJy487rTlQaTZJe0/ymAnsVq2IujtywQrooJ4ZMwrd3Qmq');
INSERT INTO Customer (CustomerID, FirstName, LastName, Email, Phone) VALUES (9, 'Taro', 'Kobayashi', 'taro.kobayashi9@example.com', '080-7504-1962');
INSERT INTO Password (CustomerID, PasswordHash) VALUES (9, '$2b$12$8VYYmlgv9mB3u3/p1TR3xuv4yCA7QDLRHj74uMFR5HO7H7PfDQ992');
INSERT INTO Customer (CustomerID, FirstName, LastName, Email, Phone) VALUES (10, 'Yoko', 'Kato', 'yoko.kato10@example.com', '080-8591-2237');
INSERT INTO Password (CustomerID, PasswordHash) VALUES (10, '$2b$12$jST9Snea2bjiZOWDU7w6VOvmUW4PJ7OTVC/S.UwGlmo0GzchM3eb2');
INSERT INTO Customer (CustomerID, FirstName, LastName, Email, Phone) VALUES (11, 'Saki', 'Suzuki', 'saki.suzuki11@example.com', '080-1579-4192');
INSERT INTO Password (CustomerID, PasswordHash) VALUES (11, '$2b$12$vgsSQ.AlGcpWcaDxW7rQV.KaOkRj.k6xJw50MIURDoZM9VJwt5Cq.');
INSERT INTO Customer (CustomerID, FirstName, LastName, Email, Phone) VALUES (12, 'Saki', 'Ito', 'saki.ito12@example.com', '080-9618-8651');
INSERT INTO Password (CustomerID, PasswordHash) VALUES (12, '$2b$12$KFQWydh.i9E9/IQL6jClSemxWR1MFqq4wHjGI1/jJk59fgLW3MYua');
INSERT INTO Customer (CustomerID, FirstName, LastName, Email, Phone) VALUES (13, 'Taro', 'Nakamura', 'taro.nakamura13@example.com', '080-6623-3294');
INSERT INTO Password (CustomerID, PasswordHash) VALUES (13, '$2b$12$IrvxIMvFVTFrAg7zwVxpK.FEJUL2aum/CBIH.B.baGKaPGBNMelvm');
INSERT INTO Customer (CustomerID, FirstName, LastName, Email, Phone) VALUES (14, 'Hanako', 'Yamamoto', 'hanako.yamamoto14@example.com', '080-5582-8792');
INSERT INTO Password (CustomerID, PasswordHash) VALUES (14, '$2b$12$vgJ9QJMfn6GfWc0BNcqA1Oj0HyYdsCHr59QYT8XxP5mFVFZGL0HUq');
INSERT INTO Customer (CustomerID, FirstName, LastName, Email, Phone) VALUES (15, 'Yoko', 'Watanabe', 'yoko.watanabe15@example.com', '080-2771-4113');
INSERT INTO Password (CustomerID, PasswordHash) VALUES (15, '$2b$12$cbO5wCyBxY60M/0zuaHwpeeV7KAj58FVhikjUQp/f/wzwc/aQJi9C');
INSERT INTO Customer (CustomerID, FirstName, LastName, Email, Phone) VALUES (16, 'Shiro', 'Sato', 'shiro.sato16@example.com', '080-2343-6862');
INSERT INTO Password (CustomerID, PasswordHash) VALUES (16, '$2b$12$LyBf2KX7BezHo0ZQs.EfRucFMpJPJYxzIU2nrTb.xVatXAEVw4KpO');
INSERT INTO Customer (CustomerID, FirstName, LastName, Email, Phone) VALUES (17, 'Miki', 'Takahashi', 'miki.takahashi17@example.com', '080-8412-6836');
INSERT INTO Password (CustomerID, PasswordHash) VALUES (17, '$2b$12$kRqWFBU.G3Cnc.GB.7k3WOxuc0QWFTc97LSwAnhOM3EvRlBWBMsyG');
INSERT INTO Customer (CustomerID, FirstName, LastName, Email, Phone) VALUES (18, 'Shiro', 'Yamamoto', 'shiro.yamamoto18@example.com', '080-5711-7474');
INSERT INTO Password (CustomerID, PasswordHash) VALUES (18, '$2b$12$BxkjvHtaaxE52GzsJK3zmOhqN2977I2ddN1/M6eN65rvUeocCmds2');
INSERT INTO Customer (CustomerID, FirstName, LastName, Email, Phone) VALUES (19, 'Miki', 'Tanaka', 'miki.tanaka19@example.com', '080-7224-6197');
INSERT INTO Password (CustomerID, PasswordHash) VALUES (19, '$2b$12$ZzJ1H44mnBJJl32Og8aaIOZ6pCsUmNQtoX9X4le.rZfHkac6fk6BG');
INSERT INTO Customer (CustomerID, FirstName, LastName, Email, Phone) VALUES (20, 'Shiro', 'Yamamoto', 'shiro.yamamoto20@example.com', '080-4169-7737');
INSERT INTO Password (CustomerID, PasswordHash) VALUES (20, '$2b$12$BdrRrLU62pj6nlaQQarRz.TIJM5FmWCgkEjpbI86yTHToItRVZ38y');
INSERT INTO Product (ProductID, ProductName, Price, Description) VALUES (1, 'T-Shirt', 8411, 'Comfortable and stylish T-Shirt.');
INSERT INTO Product (ProductID, ProductName, Price, Description) VALUES (2, 'Hoodie', 9184, 'Warm and cozy hoodie.');
INSERT INTO Product (ProductID, ProductName, Price, Description) VALUES (3, 'Sweater', 2568, 'Soft and comfortable sweater.');
INSERT INTO Product (ProductID, ProductName, Price, Description) VALUES (4, 'Jacket', 8741, 'Stylish and practical jacket.');
INSERT INTO Product (ProductID, ProductName, Price, Description) VALUES (5, 'Pants', 7577, 'Comfortable and versatile pants.');
INSERT INTO Product (ProductID, ProductName, Price, Description) VALUES (6, 'Shorts', 7747, 'Cool and comfortable shorts.');
INSERT INTO Product (ProductID, ProductName, Price, Description) VALUES (7, 'Skirt', 641, 'Stylish and feminine skirt.');
INSERT INTO Product (ProductID, ProductName, Price, Description) VALUES (8, 'Dress', 2944, 'Elegant and beautiful dress.');
INSERT INTO Product (ProductID, ProductName, Price, Description) VALUES (9, 'Hat', 2648, 'Stylish and practical hat.');
INSERT INTO Product (ProductID, ProductName, Price, Description) VALUES (10, 'Scarf', 6560, 'Warm and cozy scarf.');
INSERT INTO ProductOrder (OrderID, CustomerID, OrderDate, TotalAmount) VALUES (1, 1, '2023-07-30', 50532);
INSERT INTO ProductOrder (OrderID, CustomerID, OrderDate, TotalAmount) VALUES (2, 1, '2020-04-19', 54202);
INSERT INTO ProductOrder (OrderID, CustomerID, OrderDate, TotalAmount) VALUES (3, 1, '2023-10-04', 62715);
INSERT INTO ProductOrder (OrderID, CustomerID, OrderDate, TotalAmount) VALUES (4, 1, '2023-05-01', 81834);
INSERT INTO ProductOrder (OrderID, CustomerID, OrderDate, TotalAmount) VALUES (5, 1, '2023-07-17', 5545);
INSERT INTO ProductOrder (OrderID, CustomerID, OrderDate, TotalAmount) VALUES (6, 1, '2023-02-13', 2217);
INSERT INTO ProductOrder (OrderID, CustomerID, OrderDate, TotalAmount) VALUES (7, 1, '2021-06-19', 97599);
INSERT INTO ProductOrder (OrderID, CustomerID, OrderDate, TotalAmount) VALUES (8, 2, '2020-11-19', 64335);
INSERT INTO ProductOrder (OrderID, CustomerID, OrderDate, TotalAmount) VALUES (9, 2, '2021-06-14', 65979);
INSERT INTO ProductOrder (OrderID, CustomerID, OrderDate, TotalAmount) VALUES (10, 2, '2023-12-05', 44982);
INSERT INTO ProductOrder (OrderID, CustomerID, OrderDate, TotalAmount) VALUES (11, 2, '2020-08-10', 15220);
INSERT INTO ProductOrder (OrderID, CustomerID, OrderDate, TotalAmount) VALUES (12, 2, '2020-01-02', 40715);
INSERT INTO ProductOrder (OrderID, CustomerID, OrderDate, TotalAmount) VALUES (13, 2, '2021-08-17', 99118);
INSERT INTO ProductOrder (OrderID, CustomerID, OrderDate, TotalAmount) VALUES (14, 2, '2022-01-12', 2975);
INSERT INTO ProductOrder (OrderID, CustomerID, OrderDate, TotalAmount) VALUES (15, 2, '2023-08-31', 47351);
INSERT INTO ProductOrder (OrderID, CustomerID, OrderDate, TotalAmount) VALUES (16, 3, '2023-06-29', 2525);
INSERT INTO ProductOrder (OrderID, CustomerID, OrderDate, TotalAmount) VALUES (17, 3, '2021-01-17', 89680);
INSERT INTO ProductOrder (OrderID, CustomerID, OrderDate, TotalAmount) VALUES (18, 4, '2020-06-13', 85259);
INSERT INTO ProductOrder (OrderID, CustomerID, OrderDate, TotalAmount) VALUES (19, 5, '2020-10-17', 99011);
INSERT INTO ProductOrder (OrderID, CustomerID, OrderDate, TotalAmount) VALUES (20, 5, '2021-07-17', 96589);
INSERT INTO ProductOrder (OrderID, CustomerID, OrderDate, TotalAmount) VALUES (21, 5, '2022-09-12', 40322);
INSERT INTO ProductOrder (OrderID, CustomerID, OrderDate, TotalAmount) VALUES (22, 5, '2023-03-24', 72371);
INSERT INTO ProductOrder (OrderID, CustomerID, OrderDate, TotalAmount) VALUES (23, 5, '2023-03-04', 73738);
INSERT INTO ProductOrder (OrderID, CustomerID, OrderDate, TotalAmount) VALUES (24, 5, '2020-01-15', 78792);
INSERT INTO ProductOrder (OrderID, CustomerID, OrderDate, TotalAmount) VALUES (25, 5, '2021-11-24', 70630);
INSERT INTO ProductOrder (OrderID, CustomerID, OrderDate, TotalAmount) VALUES (26, 5, '2020-03-03', 88539);
INSERT INTO ProductOrder (OrderID, CustomerID, OrderDate, TotalAmount) VALUES (27, 5, '2022-12-30', 74861);
INSERT INTO ProductOrder (OrderID, CustomerID, OrderDate, TotalAmount) VALUES (28, 6, '2021-03-13', 54372);
INSERT INTO ProductOrder (OrderID, CustomerID, OrderDate, TotalAmount) VALUES (29, 6, '2022-07-16', 84938);
INSERT INTO ProductOrder (OrderID, CustomerID, OrderDate, TotalAmount) VALUES (30, 6, '2022-09-19', 95253);
INSERT INTO ProductOrder (OrderID, CustomerID, OrderDate, TotalAmount) VALUES (31, 6, '2021-06-17', 64154);
INSERT INTO ProductOrder (OrderID, CustomerID, OrderDate, TotalAmount) VALUES (32, 7, '2022-12-04', 21120);
INSERT INTO ProductOrder (OrderID, CustomerID, OrderDate, TotalAmount) VALUES (33, 7, '2023-03-28', 17224);
INSERT INTO ProductOrder (OrderID, CustomerID, OrderDate, TotalAmount) VALUES (34, 7, '2023-02-09', 14639);
INSERT INTO ProductOrder (OrderID, CustomerID, OrderDate, TotalAmount) VALUES (35, 8, '2022-09-30', 85058);
INSERT INTO ProductOrder (OrderID, CustomerID, OrderDate, TotalAmount) VALUES (36, 8, '2020-05-30', 22262);
INSERT INTO ProductOrder (OrderID, CustomerID, OrderDate, TotalAmount) VALUES (37, 8, '2020-10-01', 89763);
INSERT INTO ProductOrder (OrderID, CustomerID, OrderDate, TotalAmount) VALUES (38, 8, '2021-06-11', 36298);
INSERT INTO ProductOrder (OrderID, CustomerID, OrderDate, TotalAmount) VALUES (39, 8, '2023-02-08', 11237);
INSERT INTO ProductOrder (OrderID, CustomerID, OrderDate, TotalAmount) VALUES (40, 9, '2023-01-10', 99061);
INSERT INTO ProductOrder (OrderID, CustomerID, OrderDate, TotalAmount) VALUES (41, 9, '2020-05-11', 44966);
INSERT INTO ProductOrder (OrderID, CustomerID, OrderDate, TotalAmount) VALUES (42, 9, '2020-03-07', 20490);
INSERT INTO ProductOrder (OrderID, CustomerID, OrderDate, TotalAmount) VALUES (43, 9, '2022-12-16', 33169);
INSERT INTO ProductOrder (OrderID, CustomerID, OrderDate, TotalAmount) VALUES (44, 9, '2022-11-19', 40262);
INSERT INTO ProductOrder (OrderID, CustomerID, OrderDate, TotalAmount) VALUES (45, 9, '2023-10-11', 15251);
INSERT INTO ProductOrder (OrderID, CustomerID, OrderDate, TotalAmount) VALUES (46, 9, '2023-10-22', 95858);
INSERT INTO ProductOrder (OrderID, CustomerID, OrderDate, TotalAmount) VALUES (47, 9, '2023-08-14', 52743);
INSERT INTO ProductOrder (OrderID, CustomerID, OrderDate, TotalAmount) VALUES (48, 9, '2020-05-17', 43257);
INSERT INTO ProductOrder (OrderID, CustomerID, OrderDate, TotalAmount) VALUES (49, 9, '2022-03-06', 82204);
INSERT INTO ProductOrder (OrderID, CustomerID, OrderDate, TotalAmount) VALUES (50, 10, '2021-06-22', 24870);
INSERT INTO ProductOrder (OrderID, CustomerID, OrderDate, TotalAmount) VALUES (51, 10, '2020-08-31', 19341);
INSERT INTO ProductOrder (OrderID, CustomerID, OrderDate, TotalAmount) VALUES (52, 10, '2023-09-29', 42337);
INSERT INTO ProductOrder (OrderID, CustomerID, OrderDate, TotalAmount) VALUES (53, 10, '2022-09-07', 31167);
INSERT INTO ProductOrder (OrderID, CustomerID, OrderDate, TotalAmount) VALUES (54, 10, '2022-12-09', 90250);
INSERT INTO ProductOrder (OrderID, CustomerID, OrderDate, TotalAmount) VALUES (55, 11, '2021-08-17', 11454);
INSERT INTO ProductOrder (OrderID, CustomerID, OrderDate, TotalAmount) VALUES (56, 11, '2023-12-29', 38774);
INSERT INTO ProductOrder (OrderID, CustomerID, OrderDate, TotalAmount) VALUES (57, 12, '2022-12-12', 34639);
INSERT INTO ProductOrder (OrderID, CustomerID, OrderDate, TotalAmount) VALUES (58, 12, '2023-06-09', 36093);
INSERT INTO ProductOrder (OrderID, CustomerID, OrderDate, TotalAmount) VALUES (59, 12, '2020-08-30', 29172);
INSERT INTO ProductOrder (OrderID, CustomerID, OrderDate, TotalAmount) VALUES (60, 12, '2023-10-18', 78931);
INSERT INTO ProductOrder (OrderID, CustomerID, OrderDate, TotalAmount) VALUES (61, 12, '2021-06-09', 91773);
INSERT INTO ProductOrder (OrderID, CustomerID, OrderDate, TotalAmount) VALUES (62, 12, '2021-07-24', 22024);
INSERT INTO ProductOrder (OrderID, CustomerID, OrderDate, TotalAmount) VALUES (63, 12, '2021-04-14', 53741);
INSERT INTO ProductOrder (OrderID, CustomerID, OrderDate, TotalAmount) VALUES (64, 12, '2022-05-31', 86985);
INSERT INTO ProductOrder (OrderID, CustomerID, OrderDate, TotalAmount) VALUES (65, 12, '2022-08-18', 72592);
INSERT INTO ProductOrder (OrderID, CustomerID, OrderDate, TotalAmount) VALUES (66, 12, '2021-05-03', 19179);
INSERT INTO ProductOrder (OrderID, CustomerID, OrderDate, TotalAmount) VALUES (67, 13, '2022-12-31', 72284);
INSERT INTO ProductOrder (OrderID, CustomerID, OrderDate, TotalAmount) VALUES (68, 13, '2021-02-15', 79800);
INSERT INTO ProductOrder (OrderID, CustomerID, OrderDate, TotalAmount) VALUES (69, 13, '2021-05-04', 47310);
INSERT INTO ProductOrder (OrderID, CustomerID, OrderDate, TotalAmount) VALUES (70, 13, '2020-07-13', 89193);
INSERT INTO ProductOrder (OrderID, CustomerID, OrderDate, TotalAmount) VALUES (71, 13, '2023-01-14', 22075);
INSERT INTO ProductOrder (OrderID, CustomerID, OrderDate, TotalAmount) VALUES (72, 13, '2023-01-01', 82239);
INSERT INTO ProductOrder (OrderID, CustomerID, OrderDate, TotalAmount) VALUES (73, 13, '2022-07-15', 93194);
INSERT INTO ProductOrder (OrderID, CustomerID, OrderDate, TotalAmount) VALUES (74, 14, '2020-06-16', 76723);
INSERT INTO ProductOrder (OrderID, CustomerID, OrderDate, TotalAmount) VALUES (75, 14, '2020-09-21', 8904);
INSERT INTO ProductOrder (OrderID, CustomerID, OrderDate, TotalAmount) VALUES (76, 14, '2021-11-15', 91430);
INSERT INTO ProductOrder (OrderID, CustomerID, OrderDate, TotalAmount) VALUES (77, 14, '2023-07-06', 30352);
INSERT INTO ProductOrder (OrderID, CustomerID, OrderDate, TotalAmount) VALUES (78, 14, '2021-01-14', 49003);
INSERT INTO ProductOrder (OrderID, CustomerID, OrderDate, TotalAmount) VALUES (79, 14, '2023-02-10', 89938);
INSERT INTO ProductOrder (OrderID, CustomerID, OrderDate, TotalAmount) VALUES (80, 14, '2022-09-25', 95132);
INSERT INTO ProductOrder (OrderID, CustomerID, OrderDate, TotalAmount) VALUES (81, 14, '2021-07-05', 97428);
INSERT INTO ProductOrder (OrderID, CustomerID, OrderDate, TotalAmount) VALUES (82, 14, '2020-07-22', 28124);
INSERT INTO ProductOrder (OrderID, CustomerID, OrderDate, TotalAmount) VALUES (83, 15, '2021-12-25', 86813);
INSERT INTO ProductOrder (OrderID, CustomerID, OrderDate, TotalAmount) VALUES (84, 15, '2022-01-05', 84245);
INSERT INTO ProductOrder (OrderID, CustomerID, OrderDate, TotalAmount) VALUES (85, 15, '2021-12-12', 84566);
INSERT INTO ProductOrder (OrderID, CustomerID, OrderDate, TotalAmount) VALUES (86, 15, '2021-08-31', 92204);
INSERT INTO ProductOrder (OrderID, CustomerID, OrderDate, TotalAmount) VALUES (87, 15, '2021-08-27', 90266);
INSERT INTO ProductOrder (OrderID, CustomerID, OrderDate, TotalAmount) VALUES (88, 15, '2022-07-24', 38111);
INSERT INTO ProductOrder (OrderID, CustomerID, OrderDate, TotalAmount) VALUES (89, 15, '2021-01-21', 4187);
INSERT INTO ProductOrder (OrderID, CustomerID, OrderDate, TotalAmount) VALUES (90, 16, '2023-07-16', 56131);
INSERT INTO ProductOrder (OrderID, CustomerID, OrderDate, TotalAmount) VALUES (91, 16, '2021-05-27', 93809);
INSERT INTO ProductOrder (OrderID, CustomerID, OrderDate, TotalAmount) VALUES (92, 16, '2020-02-25', 51204);
INSERT INTO ProductOrder (OrderID, CustomerID, OrderDate, TotalAmount) VALUES (93, 17, '2021-10-31', 23169);
INSERT INTO ProductOrder (OrderID, CustomerID, OrderDate, TotalAmount) VALUES (94, 17, '2023-08-29', 62138);
INSERT INTO ProductOrder (OrderID, CustomerID, OrderDate, TotalAmount) VALUES (95, 17, '2021-02-09', 58592);
INSERT INTO ProductOrder (OrderID, CustomerID, OrderDate, TotalAmount) VALUES (96, 18, '2023-01-07', 31837);
INSERT INTO ProductOrder (OrderID, CustomerID, OrderDate, TotalAmount) VALUES (97, 19, '2021-01-11', 20984);
INSERT INTO ProductOrder (OrderID, CustomerID, OrderDate, TotalAmount) VALUES (98, 19, '2021-10-25', 45711);
INSERT INTO ProductOrder (OrderID, CustomerID, OrderDate, TotalAmount) VALUES (99, 19, '2021-12-11', 3609);
INSERT INTO ProductOrder (OrderID, CustomerID, OrderDate, TotalAmount) VALUES (100, 19, '2023-05-08', 47697);
INSERT INTO ProductOrder (OrderID, CustomerID, OrderDate, TotalAmount) VALUES (101, 19, '2020-09-25', 14873);
INSERT INTO ProductOrder (OrderID, CustomerID, OrderDate, TotalAmount) VALUES (102, 19, '2023-07-23', 58577);
INSERT INTO ProductOrder (OrderID, CustomerID, OrderDate, TotalAmount) VALUES (103, 19, '2020-07-08', 73660);
INSERT INTO ProductOrder (OrderID, CustomerID, OrderDate, TotalAmount) VALUES (104, 19, '2020-09-06', 52586);
INSERT INTO ProductOrder (OrderID, CustomerID, OrderDate, TotalAmount) VALUES (105, 20, '2022-01-24', 95302);
INSERT INTO ProductOrder (OrderID, CustomerID, OrderDate, TotalAmount) VALUES (106, 20, '2023-05-08', 17567);
INSERT INTO ProductOrder (OrderID, CustomerID, OrderDate, TotalAmount) VALUES (107, 20, '2022-09-13', 76985);
INSERT INTO ProductOrder (OrderID, CustomerID, OrderDate, TotalAmount) VALUES (108, 20, '2020-01-22', 40376);