INSERT INTO Customer (CustomerID, FirstName, LastName, Email, Phone) VALUES (1, 'Jiro', 'Takahashi', 'jiro.takahashi@example.com', '080-2596-8978');
INSERT INTO Password (CustomerID, PasswordHash) VALUES (1, '$2b$12$X4w0gPaTxUT58xDFklYG6ONF6JAGCQ8acCsPrAWYt/MeCrG5yDBNe');
INSERT INTO Customer (CustomerID, FirstName, LastName, Email, Phone) VALUES (2, 'Saki', 'Watanabe', 'saki.watanabe@example.com', '080-1666-9883');
INSERT INTO Password (CustomerID, PasswordHash) VALUES (2, '$2b$12$ZybvsavAiJdRGS/2PVEoyu7QvUcR3E066pMP.rI.CUsui6iI3Rdde');
INSERT INTO Customer (CustomerID, FirstName, LastName, Email, Phone) VALUES (3, 'Shiro', 'Suzuki', 'shiro.suzuki@example.com', '080-2934-8393');
INSERT INTO Password (CustomerID, PasswordHash) VALUES (3, '$2b$12$rMhgFhn1z0jKcCdqw79jBuxUcWbxtNLCdkkYaIB3zIJbg6FBeRTYK');
INSERT INTO Customer (CustomerID, FirstName, LastName, Email, Phone) VALUES (4, 'Miki', 'Takahashi', 'miki.takahashi@example.com', '080-8361-5319');
INSERT INTO Password (CustomerID, PasswordHash) VALUES (4, '$2b$12$OGLqNC.AO6MXUEMDSK9a5uZFOLu84AUoEvKEI6EixMIDX5GulH3/W');
INSERT INTO Customer (CustomerID, FirstName, LastName, Email, Phone) VALUES (5, 'Taro', 'Kobayashi', 'taro.kobayashi@example.com', '080-7248-6262');
INSERT INTO Password (CustomerID, PasswordHash) VALUES (5, '$2b$12$aA5vKBD5MefhvdAxOqj2beofvwYlC0Yi.dNgvax.miyK.IxXBTts6');
INSERT INTO Customer (CustomerID, FirstName, LastName, Email, Phone) VALUES (6, 'Saburo', 'Tanaka', 'saburo.tanaka@example.com', '080-1326-8926');
INSERT INTO Password (CustomerID, PasswordHash) VALUES (6, '$2b$12$kJt3cMN75vuqHBlC6tZxDeX58HV.gEWHj7sulZ3OrgHSxE2V8vX2C');
INSERT INTO Customer (CustomerID, FirstName, LastName, Email, Phone) VALUES (7, 'Yumi', 'Kato', 'yumi.kato@example.com', '080-9881-5127');
INSERT INTO Password (CustomerID, PasswordHash) VALUES (7, '$2b$12$Vb4xmycaWyxd4nObw8EJ8uecGrIZWtvfICY1MyvwN4OcU7LJ3GthK');
INSERT INTO Customer (CustomerID, FirstName, LastName, Email, Phone) VALUES (8, 'Miki', 'Nakamura', 'miki.nakamura@example.com', '080-1188-3341');
INSERT INTO Password (CustomerID, PasswordHash) VALUES (8, '$2b$12$ML/mNOuQIteREvnqI0a58OeEX9awYVddEORXe67wU.gQlZUXtW4i2');
INSERT INTO Customer (CustomerID, FirstName, LastName, Email, Phone) VALUES (9, 'Yumi', 'Sato', 'yumi.sato@example.com', '080-3822-2450');
INSERT INTO Password (CustomerID, PasswordHash) VALUES (9, '$2b$12$4ZdkSvYSXlAcap0LWO62N.JLkQsxu9tyV2XU0Fo0jo4s8JPujEO6y');
INSERT INTO Customer (CustomerID, FirstName, LastName, Email, Phone) VALUES (10, 'Taro', 'Suzuki', 'taro.suzuki@example.com', '080-7587-5561');
INSERT INTO Password (CustomerID, PasswordHash) VALUES (10, '$2b$12$kFFdx0beRYp5XmZ/FsFmWO4z45z.JOqavOPo3JNzOCZTZQYruGtDe');
INSERT INTO Customer (CustomerID, FirstName, LastName, Email, Phone) VALUES (11, 'Shiro', 'Kato', 'shiro.kato@example.com', '080-1072-9837');
INSERT INTO Password (CustomerID, PasswordHash) VALUES (11, '$2b$12$IOdEwDrg1I.TAHbQGej2EOFLON7rpjSv0I6OQdn27LzYo50lkZxXC');
INSERT INTO Customer (CustomerID, FirstName, LastName, Email, Phone) VALUES (12, 'Yoko', 'Takahashi', 'yoko.takahashi@example.com', '080-5691-1205');
INSERT INTO Password (CustomerID, PasswordHash) VALUES (12, '$2b$12$3J4A.Oo1FMbRtvArVv9CUuWiOxzl36rd36pXZuOb.RzP7Q78wsUxG');
INSERT INTO Customer (CustomerID, FirstName, LastName, Email, Phone) VALUES (13, 'Yoko', 'Kobayashi', 'yoko.kobayashi@example.com', '080-7915-1606');
INSERT INTO Password (CustomerID, PasswordHash) VALUES (13, '$2b$12$u2zX4u5ktBu.14DJxWR0ye1it8eDh5vELW/mKM6cXa48QQRkN40JK');
INSERT INTO Customer (CustomerID, FirstName, LastName, Email, Phone) VALUES (14, 'Yoko', 'Nakamura', 'yoko.nakamura@example.com', '080-6061-8916');
INSERT INTO Password (CustomerID, PasswordHash) VALUES (14, '$2b$12$JDWn.C62gRkDy0Hz5UGJT.2eYctHaS4Y5TnmJ4ydtUT/5/pG97M4y');
INSERT INTO Customer (CustomerID, FirstName, LastName, Email, Phone) VALUES (15, 'Hanako', 'Sato', 'hanako.sato@example.com', '080-6692-2394');
INSERT INTO Password (CustomerID, PasswordHash) VALUES (15, '$2b$12$igja.FcGoFeBRIJcGW/NFeBeog6TEeIhsfhJO5vsqpDEAJ0LPEWwO');
INSERT INTO Customer (CustomerID, FirstName, LastName, Email, Phone) VALUES (16, 'Jiro', 'Suzuki', 'jiro.suzuki@example.com', '080-8465-5617');
INSERT INTO Password (CustomerID, PasswordHash) VALUES (16, '$2b$12$FfQERWBAMj.2963d6qRwJeWmkTxcIOXR.zJimDlJJ.AaUxJPmbYE2');
INSERT INTO Customer (CustomerID, FirstName, LastName, Email, Phone) VALUES (17, 'Miki', 'Tanaka', 'miki.tanaka@example.com', '080-9056-3890');
INSERT INTO Password (CustomerID, PasswordHash) VALUES (17, '$2b$12$CSAevBndlGyU4XXQ.NzWEOsd2fdDEIT6dK8mBMtESYEs/DjpNfXbO');
INSERT INTO Customer (CustomerID, FirstName, LastName, Email, Phone) VALUES (18, 'Shiro', 'Nakamura', 'shiro.nakamura@example.com', '080-1514-3931');
INSERT INTO Password (CustomerID, PasswordHash) VALUES (18, '$2b$12$Tq6zdolT2rV1MMKOh/oPUOyUcZvIdrldLUVjtDP.nzNTuCnly9AOW');
INSERT INTO Customer (CustomerID, FirstName, LastName, Email, Phone) VALUES (19, 'Saburo', 'Kobayashi', 'saburo.kobayashi@example.com', '080-6388-8567');
INSERT INTO Password (CustomerID, PasswordHash) VALUES (19, '$2b$12$teLNyzJyzYTptfSI/mJOaO0Udi0XKu6y.2z3LrQrClJyKdns1vWda');
INSERT INTO Customer (CustomerID, FirstName, LastName, Email, Phone) VALUES (20, 'Jiro', 'Tanaka', 'jiro.tanaka@example.com', '080-1449-4597');
INSERT INTO Password (CustomerID, PasswordHash) VALUES (20, '$2b$12$2X9YTKHEkqMMLufi1PX5quGrUrWStsngbLP9I0TWJk4OeJwn4nulO');
INSERT INTO Product (ProductID, ProductName, Price, Description) VALUES (1, 'T-Shirt', 563, 'Comfortable and stylish T-Shirt.');
INSERT INTO Product (ProductID, ProductName, Price, Description) VALUES (2, 'Hoodie', 5862, 'Warm and cozy hoodie.');
INSERT INTO Product (ProductID, ProductName, Price, Description) VALUES (3, 'Sweater', 7858, 'Soft and comfortable sweater.');
INSERT INTO Product (ProductID, ProductName, Price, Description) VALUES (4, 'Jacket', 748, 'Stylish and practical jacket.');
INSERT INTO Product (ProductID, ProductName, Price, Description) VALUES (5, 'Pants', 2251, 'Comfortable and versatile pants.');
INSERT INTO Product (ProductID, ProductName, Price, Description) VALUES (6, 'Shorts', 4779, 'Cool and comfortable shorts.');
INSERT INTO Product (ProductID, ProductName, Price, Description) VALUES (7, 'Skirt', 383, 'Stylish and feminine skirt.');
INSERT INTO Product (ProductID, ProductName, Price, Description) VALUES (8, 'Dress', 1939, 'Elegant and beautiful dress.');
INSERT INTO Product (ProductID, ProductName, Price, Description) VALUES (9, 'Hat', 8722, 'Stylish and practical hat.');
INSERT INTO Product (ProductID, ProductName, Price, Description) VALUES (10, 'Scarf', 2567, 'Warm and cozy scarf.');
INSERT INTO ProductOrder (OrderID, CustomerID, OrderDate, TotalAmount) VALUES (1, 1, '2023-03-12', 23146);
INSERT INTO ProductOrder (OrderID, CustomerID, OrderDate, TotalAmount) VALUES (2, 1, '2022-06-07', 3060);
INSERT INTO ProductOrder (OrderID, CustomerID, OrderDate, TotalAmount) VALUES (3, 1, '2022-05-18', 89555);
INSERT INTO ProductOrder (OrderID, CustomerID, OrderDate, TotalAmount) VALUES (4, 1, '2023-10-27', 15893);
INSERT INTO ProductOrder (OrderID, CustomerID, OrderDate, TotalAmount) VALUES (5, 1, '2020-03-02', 27886);
INSERT INTO ProductOrder (OrderID, CustomerID, OrderDate, TotalAmount) VALUES (6, 1, '2022-10-09', 83692);
INSERT INTO ProductOrder (OrderID, CustomerID, OrderDate, TotalAmount) VALUES (7, 1, '2023-07-31', 7656);
INSERT INTO ProductOrder (OrderID, CustomerID, OrderDate, TotalAmount) VALUES (8, 1, '2020-02-07', 73855);
INSERT INTO ProductOrder (OrderID, CustomerID, OrderDate, TotalAmount) VALUES (9, 1, '2023-07-28', 35860);
INSERT INTO ProductOrder (OrderID, CustomerID, OrderDate, TotalAmount) VALUES (10, 2, '2023-12-19', 64101);
INSERT INTO ProductOrder (OrderID, CustomerID, OrderDate, TotalAmount) VALUES (11, 2, '2020-04-24', 6370);
INSERT INTO ProductOrder (OrderID, CustomerID, OrderDate, TotalAmount) VALUES (12, 2, '2020-04-04', 19844);
INSERT INTO ProductOrder (OrderID, CustomerID, OrderDate, TotalAmount) VALUES (13, 3, '2022-02-21', 52709);
INSERT INTO ProductOrder (OrderID, CustomerID, OrderDate, TotalAmount) VALUES (14, 3, '2022-12-14', 3986);
INSERT INTO ProductOrder (OrderID, CustomerID, OrderDate, TotalAmount) VALUES (15, 3, '2020-11-10', 73837);
INSERT INTO ProductOrder (OrderID, CustomerID, OrderDate, TotalAmount) VALUES (16, 3, '2023-05-06', 59245);
INSERT INTO ProductOrder (OrderID, CustomerID, OrderDate, TotalAmount) VALUES (17, 3, '2023-08-01', 54914);
INSERT INTO ProductOrder (OrderID, CustomerID, OrderDate, TotalAmount) VALUES (18, 3, '2020-03-09', 44375);
INSERT INTO ProductOrder (OrderID, CustomerID, OrderDate, TotalAmount) VALUES (19, 3, '2023-09-06', 67450);
INSERT INTO ProductOrder (OrderID, CustomerID, OrderDate, TotalAmount) VALUES (20, 3, '2022-04-18', 79938);
INSERT INTO ProductOrder (OrderID, CustomerID, OrderDate, TotalAmount) VALUES (21, 3, '2021-12-04', 34418);
INSERT INTO ProductOrder (OrderID, CustomerID, OrderDate, TotalAmount) VALUES (22, 3, '2023-05-16', 42111);
INSERT INTO ProductOrder (OrderID, CustomerID, OrderDate, TotalAmount) VALUES (23, 4, '2021-02-02', 11937);
INSERT INTO ProductOrder (OrderID, CustomerID, OrderDate, TotalAmount) VALUES (24, 4, '2022-09-23', 98679);
INSERT INTO ProductOrder (OrderID, CustomerID, OrderDate, TotalAmount) VALUES (25, 4, '2020-01-24', 31490);
INSERT INTO ProductOrder (OrderID, CustomerID, OrderDate, TotalAmount) VALUES (26, 4, '2023-08-09', 84518);
INSERT INTO ProductOrder (OrderID, CustomerID, OrderDate, TotalAmount) VALUES (27, 4, '2020-12-22', 99148);
INSERT INTO ProductOrder (OrderID, CustomerID, OrderDate, TotalAmount) VALUES (28, 4, '2021-01-14', 13106);
INSERT INTO ProductOrder (OrderID, CustomerID, OrderDate, TotalAmount) VALUES (29, 5, '2023-12-21', 6975);
INSERT INTO ProductOrder (OrderID, CustomerID, OrderDate, TotalAmount) VALUES (30, 5, '2020-01-17', 50495);
INSERT INTO ProductOrder (OrderID, CustomerID, OrderDate, TotalAmount) VALUES (31, 5, '2023-09-04', 28933);
INSERT INTO ProductOrder (OrderID, CustomerID, OrderDate, TotalAmount) VALUES (32, 5, '2021-08-05', 52508);
INSERT INTO ProductOrder (OrderID, CustomerID, OrderDate, TotalAmount) VALUES (33, 5, '2021-12-09', 23063);
INSERT INTO ProductOrder (OrderID, CustomerID, OrderDate, TotalAmount) VALUES (34, 5, '2023-01-05', 93874);
INSERT INTO ProductOrder (OrderID, CustomerID, OrderDate, TotalAmount) VALUES (35, 5, '2021-09-02', 54737);
INSERT INTO ProductOrder (OrderID, CustomerID, OrderDate, TotalAmount) VALUES (36, 5, '2021-05-15', 85513);
INSERT INTO ProductOrder (OrderID, CustomerID, OrderDate, TotalAmount) VALUES (37, 5, '2023-04-27', 78969);
INSERT INTO ProductOrder (OrderID, CustomerID, OrderDate, TotalAmount) VALUES (38, 6, '2022-11-10', 46335);
INSERT INTO ProductOrder (OrderID, CustomerID, OrderDate, TotalAmount) VALUES (39, 6, '2022-07-27', 75823);
INSERT INTO ProductOrder (OrderID, CustomerID, OrderDate, TotalAmount) VALUES (40, 6, '2022-10-26', 68013);
INSERT INTO ProductOrder (OrderID, CustomerID, OrderDate, TotalAmount) VALUES (41, 6, '2020-08-11', 43911);
INSERT INTO ProductOrder (OrderID, CustomerID, OrderDate, TotalAmount) VALUES (42, 6, '2021-05-09', 68155);
INSERT INTO ProductOrder (OrderID, CustomerID, OrderDate, TotalAmount) VALUES (43, 6, '2022-05-16', 26536);
INSERT INTO ProductOrder (OrderID, CustomerID, OrderDate, TotalAmount) VALUES (44, 6, '2020-08-31', 60195);
INSERT INTO ProductOrder (OrderID, CustomerID, OrderDate, TotalAmount) VALUES (45, 7, '2022-01-16', 33005);
INSERT INTO ProductOrder (OrderID, CustomerID, OrderDate, TotalAmount) VALUES (46, 7, '2022-12-05', 86267);
INSERT INTO ProductOrder (OrderID, CustomerID, OrderDate, TotalAmount) VALUES (47, 8, '2020-06-10', 13523);
INSERT INTO ProductOrder (OrderID, CustomerID, OrderDate, TotalAmount) VALUES (48, 8, '2023-09-01', 54446);
INSERT INTO ProductOrder (OrderID, CustomerID, OrderDate, TotalAmount) VALUES (49, 8, '2020-05-25', 70138);
INSERT INTO ProductOrder (OrderID, CustomerID, OrderDate, TotalAmount) VALUES (50, 8, '2021-03-05', 65044);
INSERT INTO ProductOrder (OrderID, CustomerID, OrderDate, TotalAmount) VALUES (51, 9, '2020-10-20', 45863);
INSERT INTO ProductOrder (OrderID, CustomerID, OrderDate, TotalAmount) VALUES (52, 9, '2022-10-18', 53682);
INSERT INTO ProductOrder (OrderID, CustomerID, OrderDate, TotalAmount) VALUES (53, 10, '2021-02-01', 11710);
INSERT INTO ProductOrder (OrderID, CustomerID, OrderDate, TotalAmount) VALUES (54, 10, '2021-11-02', 49020);
INSERT INTO ProductOrder (OrderID, CustomerID, OrderDate, TotalAmount) VALUES (55, 10, '2021-03-30', 33253);
INSERT INTO ProductOrder (OrderID, CustomerID, OrderDate, TotalAmount) VALUES (56, 11, '2022-07-20', 77056);
INSERT INTO ProductOrder (OrderID, CustomerID, OrderDate, TotalAmount) VALUES (57, 11, '2021-05-22', 73516);
INSERT INTO ProductOrder (OrderID, CustomerID, OrderDate, TotalAmount) VALUES (58, 11, '2023-07-28', 66359);
INSERT INTO ProductOrder (OrderID, CustomerID, OrderDate, TotalAmount) VALUES (59, 11, '2022-08-27', 62499);
INSERT INTO ProductOrder (OrderID, CustomerID, OrderDate, TotalAmount) VALUES (60, 11, '2021-01-12', 70859);
INSERT INTO ProductOrder (OrderID, CustomerID, OrderDate, TotalAmount) VALUES (61, 12, '2020-05-01', 7581);
INSERT INTO ProductOrder (OrderID, CustomerID, OrderDate, TotalAmount) VALUES (62, 12, '2023-10-31', 76152);
INSERT INTO ProductOrder (OrderID, CustomerID, OrderDate, TotalAmount) VALUES (63, 12, '2021-06-28', 87870);
INSERT INTO ProductOrder (OrderID, CustomerID, OrderDate, TotalAmount) VALUES (64, 12, '2023-06-16', 61001);
INSERT INTO ProductOrder (OrderID, CustomerID, OrderDate, TotalAmount) VALUES (65, 13, '2021-05-11', 83799);
INSERT INTO ProductOrder (OrderID, CustomerID, OrderDate, TotalAmount) VALUES (66, 13, '2021-10-16', 53997);
INSERT INTO ProductOrder (OrderID, CustomerID, OrderDate, TotalAmount) VALUES (67, 13, '2023-07-21', 83596);
INSERT INTO ProductOrder (OrderID, CustomerID, OrderDate, TotalAmount) VALUES (68, 13, '2021-02-17', 97565);
INSERT INTO ProductOrder (OrderID, CustomerID, OrderDate, TotalAmount) VALUES (69, 13, '2020-05-22', 18154);
INSERT INTO ProductOrder (OrderID, CustomerID, OrderDate, TotalAmount) VALUES (70, 13, '2020-04-05', 57944);
INSERT INTO ProductOrder (OrderID, CustomerID, OrderDate, TotalAmount) VALUES (71, 13, '2023-10-11', 13116);
INSERT INTO ProductOrder (OrderID, CustomerID, OrderDate, TotalAmount) VALUES (72, 14, '2020-12-09', 92205);
INSERT INTO ProductOrder (OrderID, CustomerID, OrderDate, TotalAmount) VALUES (73, 14, '2022-07-26', 76156);
INSERT INTO ProductOrder (OrderID, CustomerID, OrderDate, TotalAmount) VALUES (74, 14, '2023-04-19', 54726);
INSERT INTO ProductOrder (OrderID, CustomerID, OrderDate, TotalAmount) VALUES (75, 14, '2020-04-22', 50076);
INSERT INTO ProductOrder (OrderID, CustomerID, OrderDate, TotalAmount) VALUES (76, 14, '2021-10-24', 79355);
INSERT INTO ProductOrder (OrderID, CustomerID, OrderDate, TotalAmount) VALUES (77, 14, '2020-02-16', 43988);
INSERT INTO ProductOrder (OrderID, CustomerID, OrderDate, TotalAmount) VALUES (78, 14, '2022-02-22', 19247);
INSERT INTO ProductOrder (OrderID, CustomerID, OrderDate, TotalAmount) VALUES (79, 14, '2021-12-19', 45522);
INSERT INTO ProductOrder (OrderID, CustomerID, OrderDate, TotalAmount) VALUES (80, 14, '2022-03-12', 94145);
INSERT INTO ProductOrder (OrderID, CustomerID, OrderDate, TotalAmount) VALUES (81, 14, '2020-01-14', 18851);
INSERT INTO ProductOrder (OrderID, CustomerID, OrderDate, TotalAmount) VALUES (82, 15, '2020-10-08', 6941);
INSERT INTO ProductOrder (OrderID, CustomerID, OrderDate, TotalAmount) VALUES (83, 15, '2020-06-20', 50258);
INSERT INTO ProductOrder (OrderID, CustomerID, OrderDate, TotalAmount) VALUES (84, 15, '2020-09-05', 75752);
INSERT INTO ProductOrder (OrderID, CustomerID, OrderDate, TotalAmount) VALUES (85, 15, '2021-12-17', 57762);
INSERT INTO ProductOrder (OrderID, CustomerID, OrderDate, TotalAmount) VALUES (86, 15, '2020-03-15', 64083);
INSERT INTO ProductOrder (OrderID, CustomerID, OrderDate, TotalAmount) VALUES (87, 15, '2023-08-24', 30379);
INSERT INTO ProductOrder (OrderID, CustomerID, OrderDate, TotalAmount) VALUES (88, 15, '2021-02-24', 61164);
INSERT INTO ProductOrder (OrderID, CustomerID, OrderDate, TotalAmount) VALUES (89, 15, '2023-09-19', 85133);
INSERT INTO ProductOrder (OrderID, CustomerID, OrderDate, TotalAmount) VALUES (90, 16, '2020-04-28', 92676);
INSERT INTO ProductOrder (OrderID, CustomerID, OrderDate, TotalAmount) VALUES (91, 16, '2021-04-15', 88221);
INSERT INTO ProductOrder (OrderID, CustomerID, OrderDate, TotalAmount) VALUES (92, 16, '2022-11-27', 68230);
INSERT INTO ProductOrder (OrderID, CustomerID, OrderDate, TotalAmount) VALUES (93, 16, '2023-11-26', 19047);
INSERT INTO ProductOrder (OrderID, CustomerID, OrderDate, TotalAmount) VALUES (94, 16, '2022-03-08', 8750);
INSERT INTO ProductOrder (OrderID, CustomerID, OrderDate, TotalAmount) VALUES (95, 16, '2023-03-18', 71352);
INSERT INTO ProductOrder (OrderID, CustomerID, OrderDate, TotalAmount) VALUES (96, 17, '2022-06-06', 30421);
INSERT INTO ProductOrder (OrderID, CustomerID, OrderDate, TotalAmount) VALUES (97, 17, '2022-10-10', 89307);
INSERT INTO ProductOrder (OrderID, CustomerID, OrderDate, TotalAmount) VALUES (98, 17, '2020-06-12', 47121);
INSERT INTO ProductOrder (OrderID, CustomerID, OrderDate, TotalAmount) VALUES (99, 17, '2021-08-10', 65204);
INSERT INTO ProductOrder (OrderID, CustomerID, OrderDate, TotalAmount) VALUES (100, 17, '2023-08-10', 86758);
INSERT INTO ProductOrder (OrderID, CustomerID, OrderDate, TotalAmount) VALUES (101, 17, '2021-12-04', 13932);
INSERT INTO ProductOrder (OrderID, CustomerID, OrderDate, TotalAmount) VALUES (102, 17, '2022-09-05', 76970);
INSERT INTO ProductOrder (OrderID, CustomerID, OrderDate, TotalAmount) VALUES (103, 17, '2020-04-01', 99283);
INSERT INTO ProductOrder (OrderID, CustomerID, OrderDate, TotalAmount) VALUES (104, 17, '2022-12-08', 47425);
INSERT INTO ProductOrder (OrderID, CustomerID, OrderDate, TotalAmount) VALUES (105, 17, '2020-01-19', 57083);
INSERT INTO ProductOrder (OrderID, CustomerID, OrderDate, TotalAmount) VALUES (106, 18, '2022-08-23', 91491);
INSERT INTO ProductOrder (OrderID, CustomerID, OrderDate, TotalAmount) VALUES (107, 19, '2021-09-17', 14218);
INSERT INTO ProductOrder (OrderID, CustomerID, OrderDate, TotalAmount) VALUES (108, 20, '2020-03-25', 2581);